residual,phi1,phi3,phi2
0,0.97834126567202,0.0214919386482469,0.000166795679732993
0,0.978170141993328,0.0211525515358621,0.000677306470810015
0,0.977336947673061,0.0213733032096266,0.00128974911731248
0,0.976503753352794,0.0213989981567961,0.00209724849040985
0,0.975670559032527,0.0214016312850662,0.00292780968240672
0,0.97483736471226,0.0213969211273211,0.00376571416041862
0,0.974004170391993,0.0213889478941885,0.00460688171381818
0,0.973170976071726,0.0213792426103847,0.00544978131788891
0,0.97233778175146,0.0213685089964992,0.00629370925204126
0,0.971504587431193,0.0213571157756567,0.00713829679315066
0,0.970671393110926,0.0213452748196135,0.00798333206946062
0,0.969838198790659,0.0213331165412384,0.00882868466810283
0,0.969005004470392,0.0213207256148346,0.00967426991477333
0,0.968171810150125,0.0213081594156763,0.0105200304341987
0,0.967338615829858,0.0212954582044688,0.011365925965673
0,0.966505421509591,0.0212826510689694,0.0122119274214392
0,0.965672227189324,0.0212697595510404,0.0130580132596351
0,0.964839032869058,0.0212567999469203,0.0139041671840221
0,0.964005838548791,0.0212437848144032,0.0147503766368062
0,0.963172644228524,0.0212307239886098,0.0155966317828665
0,0.962339449908257,0.0212176252836398,0.0164429248081034
0,0.96150625558799,0.0212044949878793,0.0172892494241307
0,0.960673061267723,0.0211913382204529,0.0181356005118238
0,0.959839866947456,0.0211781591922066,0.0189819738603373
0,0.959006672627189,0.0211649613997792,0.0198283659730314
0,0.958173478306922,0.0211517477719563,0.0206747739211214
0,0.957340283986656,0.0211385207814548,0.0215211952318896
0,0.956507089666389,0.021125282531305,0.0223676278023065
0,0.955673895346122,0.0211120348223179,0.0232140698315603
0,0.954840701025855,0.0210987792063006,0.0240605197678445
0,0.954007506705588,0.0210855170284121,0.0249069762659999
0,0.953174312385321,0.0210722494611601,0.0257534381535187
0,0.952341118065054,0.0210589775319022,0.0265999044030436
0,0.951507923744787,0.0210457021452547,0.027446374109958
0,0.95067472942452,0.021032424101476,0.0282928464740036
0,0.949841535104254,0.0210191441116446,0.0291393207841019
0,0.949008340783987,0.0210058628102636,0.0299857964057497
0,0.94817514646372,0.0209925807657888,0.0308322727704915
0,0.947341952143453,0.0209792984894675,0.0316787493670796
0,0.946508757823186,0.0209660164427961,0.0325252257340179
0,0.945675563502919,0.020952735043843,0.0333717014532378
0,0.944842369182652,0.0209394546726314,0.0342181761447164
0,0.944009174862385,0.0209261756757431,0.0350646494618715
0,0.943175980542118,0.0209128983702705,0.035911121087611
0,0.942342786221852,0.0208996230472219,0.0367575907309265
0,0.941509591901585,0.0208863499744678,0.0376040581239475
0,0.940676397581318,0.0208730793992965,0.0384505230193858
0,0.939843203261051,0.0208598115506404,0.0392969851883087
0,0.939010008940784,0.0208465466410202,0.0401434444181959
0,0.938176814620517,0.0208332848682478,0.0409899005112351
0,0.937958845280928,0.0208298680066722,0.0412112867123995
0,0.93734362030025,0.020820444990613,0.0418359347091369
0,0.936510425979983,0.0208077704859169,0.0426818035340998
0,0.935677231659717,0.020795117627228,0.0435276507130555
0,0.93484403733945,0.0207824855141593,0.0443734771463911
0,0.934010843019183,0.0207698733161085,0.0452192836647088
0,0.933177648698916,0.0207572802658586,0.0460650710352257
0,0.932344454378649,0.0207447056538703,0.0469108399674809
0,0.931511260058382,0.0207321488231814,0.0477565911184366
0,0.930678065738115,0.0207196091648386,0.0486023250970463
0,0.929844871417848,0.0207070861137976,0.0494480424683541
0,0.929011677097581,0.0206945791452378,0.0502937437571809
0,0.928178482777315,0.0206820877712423,0.0511394294514431
0,0.927345288457047,0.020669611537802,0.0519851000051505
0,0.926512094136781,0.0206571500221075,0.0528307558411118
0,0.925678899816514,0.020644702830097,0.0536763973533893
0,0.924845705496247,0.020632269594233,0.0545220249095201
0,0.92401251117598,0.020619849971482,0.055367638852538
0,0.923179316855713,0.0206074436414769,0.05621323950281
0,0.922346122535446,0.0205950503048433,0.0570588271597104
0,0.921512928215179,0.0205826696816721,0.0579044021031486
0,0.920679733894912,0.0205703015101238,0.0587499645949638
0,0.919846539574645,0.0205579455451523,0.0595955148802023
0,0.919013345254379,0.0205456015573354,0.060441053188286
0,0.918180150934112,0.0205332693318024,0.0612865797340857
0,0.917346956613845,0.0205209486672495,0.0621320947189057
0,0.916513762293578,0.0205086393750337,0.0629775983313883
0,0.915680567973311,0.0204963412783399,0.0638230907483491
0,0.914847373653044,0.0204840542114129,0.0646685721355428
0,0.914014179332777,0.0204717780188486,0.0655140426483741
0,0.91318098501251,0.0204595125549397,0.0663595024325499
0,0.912347790692244,0.0204472576830711,0.0672049516246853
0,0.911514596371977,0.0204350132751602,0.0680503903528631
0,0.91068140205171,0.0204227792111382,0.0688958187371521
0,0.909848207731443,0.0204105553784692,0.0697412368900879
0,0.909015013411176,0.0203983416717048,0.0705866449171192
0,0.908181819090909,0.020386137992069,0.071432042917022
0,0.907348624770642,0.0203739442470729,0.0722774309822849
0,0.906515430450375,0.0203617603501569,0.0731228091994676
0,0.905682236130108,0.0203495862203561,0.0739681776495355
0,0.904849041809842,0.020337421781989,0.0748135364081694
0,0.904015847489575,0.0203252669643679,0.0756588855460574
0,0.903182653169308,0.0203131217015273,0.0765042251291649
0,0.902349458849041,0.0203009859319707,0.0773495552189885
0,0.901516264528774,0.0202888595984338,0.0781948758727922
0,0.900683070208507,0.0202767426476635,0.0790401871438294
0,0.89984987588824,0.0202646350302095,0.0798854890815503
0,0.899016681567973,0.0202525367002309,0.0807307817317957
0,0.898183487247706,0.0202404476153132,0.0815760651369804
0,0.89735029292744,0.0202283677362978,0.0824213393362626
0,0.896517098607173,0.0202162970271209,0.0832666043657066
0,0.895683904286906,0.0202042354546632,0.084111860258431
0,0.894850709966639,0.0201921829886078,0.0849571070447533
0,0.894017515646372,0.0201801396013068,0.0858023447523212
0,0.893184321326105,0.0201681052676557,0.0866475734062391
0,0.892351127005838,0.0201560799649754,0.0874927930291864
0,0.891517932685571,0.0201440636729004,0.0883380036415283
0,0.890684738365304,0.020132056373274,0.0891832052614217
0,0.889851544045038,0.0201200580500489,0.0900283979049136
0,0.889018349724771,0.0201080686891942,0.090873581586035
0,0.888185155404504,0.0200960882786062,0.0917187563168901
0,0.887351961084237,0.0200841168080257,0.0925639221077373
0,0.88651876676397,0.0200721542689587,0.0934090789670714
0,0.885685572443703,0.0200602006546016,0.0942542269016953
0,0.884852378123436,0.0200482559597708,0.0950993659167931
0,0.884019183803169,0.0200363201808359,0.0959444960159947
0,0.883185989482903,0.0200243933156561,0.0967896172014414
0,0.882352795162636,0.0200124753635203,0.0976347294738442
0,0.881519600842369,0.02000056632509,0.0984798328325413
0,0.881245511888712,0.0199966736864053,0.0987578144248831
0,0.880686406522102,0.0199892067043188,0.0993243867735795
0,0.879853212201835,0.0199781206002967,0.100168667197868
0,0.879020017881568,0.0199670456776636,0.101012936440768
0,0.878186823561301,0.019955981869244,0.101857194569455
0,0.877353629241034,0.0199449291112813,0.102701441647685
0,0.876520434920767,0.0199338873433022,0.103545677735931
0,0.875687240600501,0.0199228565079885,0.104389902891511
0,0.874854046280233,0.0199118365510538,0.105234117168713
0,0.874020851959967,0.0199008274211274,0.106078320618906
0,0.8731876576397,0.0198898290696427,0.106922513290658
0,0.872354463319433,0.0198788414507317,0.107766695229835
0,0.871521268999166,0.0198678645211238,0.10861086647971
0,0.870688074678899,0.0198568982400498,0.109455027081051
0,0.869854880358632,0.0198459425691498,0.110299177072218
0,0.869021686038365,0.0198349974723859,0.111143316489249
0,0.868188491718098,0.0198240629159586,0.111987445365943
0,0.867355297397831,0.0198131388682268,0.112831563733942
0,0.866522103077565,0.0198022252996315,0.113675671622804
0,0.865688908757298,0.0197913221826234,0.114519769060079
0,0.864855714437031,0.0197804294915928,0.115363856071376
0,0.864022520116764,0.0197695472028032,0.116207932680433
0,0.863189325796497,0.0197586752943279,0.117051998909175
0,0.86235613147623,0.0197478137459887,0.117896054777781
0,0.861522937155963,0.0197369625392977,0.118740100304739
0,0.860689742835696,0.0197261216574019,0.119584135506902
0,0.859856548515429,0.0197152910850294,0.120428160399541
0,0.859023354195163,0.0197044708084381,0.121272174996399
0,0.858190159874896,0.0196936608153672,0.122116179309737
0,0.857356965554629,0.0196828610949899,0.122960173350381
0,0.856523771234362,0.0196720716378683,0.12380415712777
0,0.855690576914095,0.0196612924359106,0.124648130649994
0,0.854857382593828,0.0196505234823291,0.125492093923843
0,0.854024188273561,0.0196397647716011,0.126336046954838
0,0.853190993953294,0.0196290162994303,0.127179989747275
0,0.852357799633027,0.0196182780627106,0.128023922304262
0,0.851524605312761,0.0196075500594905,0.128867844627749
0,0.850691410992494,0.0195968322889399,0.129711756718566
0,0.849858216672227,0.0195861247513172,0.130555658576456
0,0.84902502235196,0.0195754274479387,0.131399550200101
0,0.848191828031693,0.0195647403811482,0.132243431587159
0,0.847358633711426,0.0195540635542883,0.133087302734286
0,0.846525439391159,0.0195433969716733,0.133931163637167
0,0.845692245070892,0.0195327406385618,0.134775014290546
0,0.844859050750626,0.0195220945611317,0.135618854688243
0,0.844025856430359,0.0195114587464556,0.136462684823186
0,0.843192662110092,0.0195008332024768,0.137306504687431
0,0.842359467789825,0.0194902179379868,0.138150314272188
0,0.841526273469558,0.0194796129626031,0.138994113567839
0,0.840693079149291,0.0194690182867487,0.13983790256396
0,0.839859884829024,0.0194584339216309,0.140681681249345
0,0.839026690508757,0.0194478598792225,0.14152544961202
0,0.83819349618849,0.0194372961722425,0.142369207639267
0,0.837360301868224,0.0194267428141382,0.143212955317638
0,0.836527107547957,0.0194161998190674,0.144056692632976
0,0.83569391322769,0.0194056672018818,0.144900419570428
0,0.834860718907423,0.0193951449781107,0.145744136114466
0,0.834027524587156,0.0193846331639452,0.146587842248899
0,0.833194330266889,0.0193741317762232,0.147431537956888
0,0.832361135946622,0.0193636408324146,0.148275223220963
0,0.831527941626355,0.0193531603506078,0.149118898023037
0,0.830694747306088,0.0193426903494955,0.149962562344416
0,0.829861552985822,0.0193322308483619,0.150806216165817
0,0.829028358665555,0.0193217818670701,0.151649859467375
0,0.828195164345288,0.01931134342605,0.152493492228662
0,0.827361970025021,0.0193009155462863,0.153337114428693
0,0.826528775704754,0.0192904982493073,0.154180726045939
0,0.825695581384487,0.0192800915571741,0.155024327058339
0,0.82486238706422,0.0192696954924696,0.15586791744331
0,0.824029192743953,0.0192593100782888,0.156711497177758
0,0.823195998423686,0.0192489353382286,0.157555066238085
0,0.82236280410342,0.0192385712963784,0.158398624600202
0,0.821529609783153,0.0192282179773108,0.159242172239537
0,0.820696415462886,0.0192178754060731,0.160085709131041
0,0.819863221142619,0.0192075436081781,0.160929235249203
0,0.819030026822352,0.0191972226095963,0.161772750568052
0,0.818196832502085,0.0191869124367477,0.162616255061167
0,0.817363638181818,0.0191766131164943,0.163459748701688
0,0.816530443861551,0.0191663246761321,0.164303231462317
0,0.816298937431367,0.0191634793661385,0.164537583202495
0,0.815697249541284,0.0191566201669377,0.165146130291778
0,0.814864055221017,0.0191471459020603,0.165988798876922
0,0.814030860900751,0.0191376826469937,0.166831456452256
0,0.813197666580484,0.0191282304146099,0.167674103004906
0,0.812364472260217,0.0191187892184216,0.168516738521361
0,0.81153127793995,0.0191093590725697,0.16935936298748
0,0.810698083619683,0.0190999399918117,0.170201976388505
0,0.809864889299416,0.0190905319915098,0.171044578709074
0,0.809031694979149,0.0190811350876193,0.171887169933231
0,0.808198500658882,0.0190717492966787,0.172729750044439
0,0.807365306338616,0.019062374635798,0.173572319025586
0,0.806532112018349,0.0190530111226492,0.174414876859002
0,0.805698917698082,0.019043658775456,0.175257423526462
0,0.804865723377815,0.0190343176129843,0.176099959009201
0,0.804032529057548,0.0190249876545331,0.176942483287919
0,0.803199334737281,0.019015668919925,0.177784996342794
0,0.802366140417014,0.0190063614294979,0.178627498153488
0,0.801532946096747,0.0189970652040962,0.179469988699156
0,0.80069975177648,0.0189877802650628,0.180312467958457
0,0.799866557456213,0.0189785066342307,0.181154935909556
0,0.799033363135947,0.0189692443339161,0.181997392530137
0,0.79820016881568,0.0189599933869098,0.182839837797411
0,0.797366974495413,0.018950753816471,0.183682271688116
0,0.796533780175146,0.0189415256463194,0.184524694178535
0,0.795700585854879,0.018932308900629,0.185367105244492
0,0.794867391534612,0.0189231036040209,0.186209504861367
0,0.794034197214345,0.0189139097815575,0.187051893004097
0,0.793201002894078,0.0189047274587357,0.187894269647186
0,0.792367808573812,0.0188955566614812,0.188736634764707
0,0.791534614253545,0.0188863974161425,0.189578988330313
0,0.790701419933278,0.0188772497494854,0.190421330317237
0,0.789868225613011,0.0188681136886872,0.191263660698302
0,0.789035031292744,0.0188589892613317,0.192105979445924
0,0.788201836972477,0.0188498764954035,0.192948286532119
0,0.78736864265221,0.0188407754192838,0.193790581928506
0,0.786535448331943,0.0188316860617446,0.194632865606312
0,0.785702254011676,0.0188226084519448,0.195475137536379
0,0.78486905969141,0.018813542619425,0.196317397689165
0,0.784035865371143,0.0188044885941035,0.197159646034754
0,0.783202671050876,0.0187954464062718,0.198001882542852
0,0.782369476730609,0.0187864160865904,0.198844107182801
0,0.781536282410342,0.0187773976660849,0.199686319923573
0,0.780703088090075,0.0187683911761419,0.200528520733783
0,0.779869893769808,0.0187593966485055,0.201370709581686
0,0.779036699449541,0.0187504141152732,0.202212886435186
0,0.778203505129274,0.018741443608893,0.203055051261833
0,0.777370310809008,0.018732485162159,0.203897204028833
0,0.776537116488741,0.0187235388082091,0.20473934470305
0,0.775703922168474,0.018714604580521,0.205581473251005
0,0.774870727848207,0.0187056825129094,0.206423589638884
0,0.77403753352794,0.0186967726395228,0.207265693832537
0,0.773204339207673,0.0186878749948408,0.208107785797486
0,0.772371144887406,0.0186789896136712,0.208949865498923
0,0.771537950567139,0.018670116531147,0.209791932901714
0,0.770704756246872,0.018661255782724,0.210633987970404
0,0.769871561926606,0.0186524074041782,0.211476030669216
0,0.769038367606339,0.0186435714316031,0.212318060962058
0,0.768205173286072,0.0186347479014076,0.213160078812521
0,0.767371978965805,0.0186259368503136,0.214002084183882
0,0.766538784645538,0.0186171383153535,0.214844077039109
0,0.765705590325271,0.0186083523338684,0.21568605734086
0,0.764872396005004,0.0185995789435058,0.21652802505149
0,0.764039201684737,0.0185908181822174,0.217369980133045
0,0.76320600736447,0.0185820700882577,0.218211922547272
0,0.762372813044203,0.0185733347001815,0.219053852255615
0,0.761539618723937,0.0185646120568425,0.219895769219221
0,0.76070642440367,0.0185559021973915,0.220737673398939
0,0.759873230083403,0.0185472051612745,0.221579564755323
0,0.759040035763136,0.0185385209882312,0.222421443248633
0,0.758206841442869,0.0185298497182937,0.223263308838837
0,0.757373647122602,0.0185211913917845,0.224105161485613
0,0.756540452802335,0.0185125460493155,0.224947001148349
0,0.755707258482068,0.0185039137317863,0.225788827786145
0,0.754874064161801,0.0184952944803831,0.226630641357815
0,0.754040869841535,0.0184866883365775,0.227472441821888
0,0.753207675521268,0.0184780953421248,0.228314229136607
0,0.752374481201001,0.0184695155390635,0.229156003259936
0,0.751541286880734,0.0184609489697136,0.229997764149552
0,0.750708092560467,0.0184523956766758,0.230839511762857
0,0.7498748982402,0.0184438557028307,0.231681246056969
0,0.749041703919933,0.0184353290913373,0.232522966988729
0,0.748208509599666,0.0184268158856326,0.233364674514701
0,0.7473753152794,0.0184183161294304,0.23420636859117
0,0.746542120959133,0.0184098298667205,0.235048049174147
0,0.745708926638866,0.018401357141768,0.235889716219366
0,0.744875732318599,0.0183928979991128,0.236731369682288
0,0.744042537998332,0.0183844524835681,0.2375730095181
0,0.743209343678065,0.0183760206402207,0.238414635681714
0,0.742376149357798,0.0183676025144298,0.239256248127772
0,0.741542955037531,0.0183591981518266,0.240097846810642
0,0.740709760717264,0.0183508075983136,0.240939431684422
0,0.739876566396998,0.0183424309000643,0.241781002702938
0,0.739043372076731,0.0183340681035226,0.242622559819747
0,0.738665137003,0.0183302850458716,0.243004577951128
0,0.738210177756464,0.0183261018365392,0.243463720406997
0,0.737376983436197,0.0183184656560368,0.244304550907766
0,0.73654378911593,0.0183108426875139,0.245145368196556
0,0.735710594795663,0.0183032329707186,0.245986172233618
0,0.734877400475396,0.0182956365456928,0.246826962978911
0,0.734044206155129,0.0182880534527706,0.2476677403921
0,0.733211011834862,0.0182804837325781,0.24850850443256
0,0.732377817514596,0.0182729274260317,0.249349255059373
0,0.731544623194329,0.0182653845743376,0.250189992231334
0,0.730711428874062,0.0182578552189905,0.251030715906948
0,0.729878234553795,0.0182503394017732,0.251871426044432
0,0.729045040233528,0.0182428371647555,0.252712122601716
0,0.728211845913261,0.0182353485502934,0.253552805536446
0,0.727378651592994,0.0182278736010286,0.254393474805977
0,0.726545457272727,0.0182204123598877,0.255234130367385
0,0.72571226295246,0.0182129648700815,0.256074772177458
0,0.724879068632193,0.0182055311751043,0.256915400192702
0,0.724045874311927,0.0181981113187335,0.25775601436934
0,0.72321267999166,0.0181907053450292,0.258596614663311
0,0.722379485671393,0.0181833132983334,0.259437201030274
0,0.721546291351126,0.0181759352232695,0.260277773425605
0,0.720713097030859,0.0181685711647422,0.261118331804399
0,0.719879902710592,0.0181612211679369,0.261958876121471
0,0.719046708390325,0.0181538852783193,0.262799406331355
0,0.718213514070058,0.0181465635416352,0.263639922388306
0,0.717380319749792,0.0181392560039102,0.264480424246298
0,0.716547125429525,0.0181319627114492,0.265320911859026
0,0.715713931109258,0.0181246837108365,0.266161385179906
0,0.714880736788991,0.0181174190489355,0.267001844162074
0,0.714047542468724,0.0181101687728883,0.267842288758388
0,0.713214348148457,0.0181029329301159,0.268682718921427
0,0.71238115382819,0.018095711568318,0.269523134603492
0,0.711547959507923,0.0180885047354727,0.270363535756604
0,0.710714765187656,0.0180813124798367,0.271203922332507
0,0.70988157086739,0.0180741348499452,0.272044294282665
0,0.709048376547123,0.0180669718946119,0.272884651558265
0,0.708215182226856,0.018059823662929,0.273724994110215
0,0.707381987906589,0.0180526902042674,0.274565321889144
0,0.706548793586322,0.0180455715682766,0.275405634845401
0,0.705715599266055,0.0180384678048849,0.27624593292906
0,0.704882404945788,0.0180313789642996,0.277086216089912
0,0.704049210625521,0.0180243050970071,0.277926484277472
0,0.703216016305254,0.0180172462537732,0.278766737440972
0,0.702382821984987,0.018010202485643,0.27960697552937
0,0.701549627664721,0.0180031738439417,0.280447198491338
0,0.700716433344454,0.0179961603802742,0.281287406275272
0,0.699883239024187,0.0179891621465261,0.282127598829287
0,0.69905004470392,0.0179821791948632,0.282967776101217
0,0.698216850383653,0.0179752115777328,0.283807938038614
0,0.697383656063386,0.0179682593478631,0.284648084588751
0,0.696550461743119,0.0179613225582645,0.285488215698616
0,0.695717267422852,0.017954401262229,0.286328331314919
0,0.694884073102585,0.0179474955133318,0.287168431384083
0,0.694050878782319,0.0179406053654307,0.288008515852251
0,0.693217684462052,0.0179337308726671,0.288848584665281
0,0.692384490141785,0.0179268720894665,0.289688637768749
0,0.691551295821518,0.0179200290705391,0.290528675107943
0,0.690718101501251,0.0179132018708798,0.291368696627869
0,0.689884907180984,0.0179063905457694,0.292208702273246
0,0.689051712860717,0.0178995951507749,0.293048691988508
0,0.68821851854045,0.0178928157417501,0.2938886657178
0,0.687385324220184,0.0178860523748362,0.29472862340498
0,0.686552129899917,0.0178793051064628,0.295568564993621
0,0.68571893557965,0.0178725739933479,0.296408490427002
0,0.684885741259383,0.0178658590924992,0.297248399648118
0,0.684052546939116,0.0178591604612145,0.29808829259967
0,0.683219352618849,0.0178524781570825,0.298928169224068
0,0.682386158298582,0.0178458122379836,0.299768029463434
0,0.681552963978315,0.0178391627620905,0.300607873259594
0,0.680719769658048,0.0178325297878693,0.301447700554082
0,0.679886575337782,0.0178259133740799,0.302287511288139
0,0.679053381017515,0.0178193135797771,0.303127305402708
0,0.678220186697248,0.0178127304643115,0.303967082838441
0,0.677386992376981,0.0178061640873301,0.304806843535689
0,0.676553798056714,0.0177996145087774,0.305646587434509
0,0.675720603736447,0.0177930817888961,0.306486314474657
0,0.67488740941618,0.0177865659882284,0.307326024595591
0,0.674054215095913,0.0177800671676164,0.30816571773647
0,0.673221020775646,0.0177735853882035,0.30900539383615
0,0.67238782645538,0.0177671207114351,0.309845052833185
0,0.671554632135113,0.0177606731990599,0.310684694665827
0,0.670721437814846,0.0177542429131306,0.311524319272024
0,0.669888243494579,0.0177478299160049,0.312363926589416
0,0.669055049174312,0.017741434270347,0.313203516555341
0,0.668221854854045,0.0177350560391281,0.314043089106827
0,0.667388660533778,0.0177286952856278,0.314882644180594
0,0.666555466213511,0.0177223520734353,0.315722181713053
0,0.665722271893244,0.0177160264664501,0.316561701640305
0,0.664889077572977,0.0177097185288837,0.317401203898139
0,0.664055883252711,0.0177034283252602,0.318240688422029
0,0.663222688932444,0.0176971559204178,0.319080155147138
0,0.662389494612177,0.01769090137951,0.319919604008313
0,0.66155630029191,0.0176846647680065,0.320759034940084
0,0.660723105971643,0.017678446151695,0.321598447876662
0,0.659889911651376,0.0176722455966817,0.322437842751942
0,0.659056717331109,0.0176660631693932,0.323277219499498
0,0.658223523010842,0.0176598989365774,0.32411657805258
0,0.657390328690576,0.0176537529653049,0.32495591834412
0,0.656557134370309,0.0176476253229704,0.325795240306721
0,0.655723940050042,0.017641516077294,0.326634543872664
0,0.654890745729775,0.0176354252963224,0.327473828973903
0,0.654057551409508,0.0176293530484303,0.328313095542062
0,0.653224357089241,0.0176232994023219,0.329152343508437
0,0.652391162768974,0.0176172644270324,0.329991572803993
0,0.651557968448707,0.017611248191929,0.330830783359364
0,0.65072477412844,0.0176052507667127,0.331669975104847
0,0.649891579808173,0.0175992722214197,0.332509147970407
0,0.649058385487907,0.0175933126264226,0.333348301885671
0,0.64822519116764,0.0175873720524322,0.334187436779928
0,0.647391996847373,0.017581450570499,0.335026552582128
0,0.646558802527106,0.0175755482520145,0.33586564922088
0,0.645725608206839,0.0175696651687126,0.336704726624448
0,0.644892413886572,0.0175638013926719,0.337543784720756
0,0.644059219566305,0.0175579569963162,0.338382823437378
0,0.643226025246038,0.0175521320524171,0.339221842701545
0,0.642392830925771,0.0175463266340949,0.340060842440134
0,0.641559636605505,0.0175405408148204,0.340899822579675
0,0.640726442285238,0.017534774668417,0.341738783046345
0,0.639893247964971,0.0175290282690614,0.342577723765968
0,0.639060053644704,0.0175233016912864,0.34341664466401
0,0.638226859324437,0.0175175950099817,0.344255545665581
0,0.63739366500417,0.017511908300396,0.345094426695434
0,0.636560470683903,0.0175062416381386,0.345933287677958
0,0.635727276363636,0.0175005950991815,0.346772128537182
0,0.635207872639616,0.0174970907256047,0.347295036634779
0,0.63489408204337,0.0174951592892484,0.347610758667382
0,0.634060887723103,0.0174900566811473,0.34844905559575
0,0.633227693402836,0.017484972730842,0.349287333866322
0,0.632394499082569,0.0174799075075477,0.350125593409883
0,0.631561304762302,0.0174748610808251,0.350963834156873
0,0.630728110442035,0.0174698335205817,0.351802056037383
0,0.629894916121768,0.0174648248970731,0.352640258981159
0,0.629061721801501,0.0174598352809053,0.353478442917593
0,0.628228527481234,0.0174548647430355,0.35431660777573
0,0.627395333160968,0.0174499133547743,0.355154753484258
0,0.626562138840701,0.0174449811877871,0.355992879971512
0,0.625728944520434,0.0174400683140958,0.356830987165471
0,0.624895750200167,0.0174351748060803,0.357669074993753
0,0.6240625558799,0.0174303007364808,0.358507143383619
0,0.623229361559633,0.0174254461783987,0.359345192261968
0,0.622396167239366,0.0174206112052989,0.360183221555335
0,0.621562972919099,0.0174157958910114,0.361021231189889
0,0.620729778598832,0.0174110003097329,0.361859221091435
0,0.619896584278566,0.0174062245360288,0.362697191185406
0,0.619063389958299,0.0174014686448351,0.363535141396866
0,0.618230195638032,0.0173967327114599,0.364373071650508
0,0.617397001317765,0.0173920168115854,0.36521098187065
0,0.616563806997498,0.0173873210212697,0.366048871981232
0,0.615730612677231,0.0173826454169491,0.36688674190582
0,0.614897418356964,0.0173779900754393,0.367724591567597
0,0.614064224036697,0.0173733550739377,0.368562420889365
0,0.61323102971643,0.0173687404900254,0.369400229793544
0,0.612397835396163,0.0173641464016692,0.370238018202167
0,0.611564641075897,0.0173595728872231,0.37107578603688
0,0.61073144675563,0.0173550200254308,0.37191353321894
0,0.609898252435363,0.0173504878954277,0.37275125966921
0,0.609065058115096,0.0173459765767424,0.373588965308162
0,0.608231863794829,0.0173414861492995,0.374426650055871
0,0.607398669474562,0.017337016693421,0.375264313832017
0,0.606565475154295,0.0173325682898289,0.376101956555876
0,0.605732280834028,0.017328141019647,0.376939578146325
0,0.604899086513761,0.0173237349644031,0.377777178521836
0,0.604065892193495,0.0173193502060311,0.378614757600474
0,0.603232697873228,0.0173149868268735,0.379452315299899
0,0.602399503552961,0.0173106449096831,0.380289851537356
0,0.601566309232694,0.0173063245376255,0.381127366229681
0,0.600733114912427,0.0173020257942812,0.381964859293292
0,0.59989992059216,0.0172977487636481,0.382802330644192
0,0.599066726271893,0.0172934935301435,0.383639780197963
0,0.598233531951626,0.0172892601786063,0.384477207869767
0,0.59740033763136,0.0172850487942997,0.385314613574341
0,0.596567143311093,0.0172808594629134,0.386151997225994
0,0.595733948990826,0.0172766922705655,0.386989358738609
0,0.594900754670559,0.0172725473038056,0.387826698025636
0,0.594067560350292,0.0172684246496167,0.388664015000091
0,0.593234366030025,0.0172643243954178,0.389501309574557
0,0.592401171709758,0.0172602466290663,0.390338581661176
0,0.591567977389491,0.0172561914388603,0.391175831171648
0,0.590734783069224,0.0172521589135414,0.392013058017234
0,0.589901588748957,0.017248149142297,0.392850262108746
0,0.589068394428691,0.0172441622147628,0.393687443356547
0,0.588235200108424,0.0172401982210255,0.394524601670551
0,0.587402005788157,0.0172362572516251,0.395361736960218
0,0.58656881146789,0.0172323393975579,0.396198849134552
0,0.585735617147623,0.0172284447502787,0.397035938102098
0,0.584902422827356,0.0172245734017036,0.39787300377094
0,0.584069228507089,0.0172207254442128,0.398710046048698
0,0.583236034186822,0.017216900970653,0.399547064842525
0,0.582402839866555,0.0172131000743404,0.400384060059104
0,0.581569645546289,0.0172093228490631,0.401221031604648
0,0.580736451226022,0.0172055693890841,0.402057979384894
0,0.579903256905755,0.0172018397891441,0.402894903305101
0,0.579070062585488,0.0171981341444641,0.403731803270048
0,0.578236868265221,0.0171944525507483,0.404568679184031
0,0.577403673944954,0.0171907951041871,0.405405530950859
0,0.576570479624687,0.0171871619014596,0.406242358473853
0,0.57573728530442,0.0171835530397369,0.407079161655843
0,0.574904090984153,0.0171799686166849,0.407915940399162
0,0.574070896663887,0.017176408730467,0.408752694605646
0,0.57323770234362,0.0171728734797474,0.409589424176633
0,0.572404508023353,0.0171693629636939,0.410426129012953
0,0.571571313703086,0.0171658772819809,0.411262809014933
0,0.570738119382819,0.0171624165347927,0.412099464082388
0,0.569904925062552,0.0171589808228261,0.412936094114622
0,0.569071730742285,0.0171555702472941,0.413772699010421
0,0.568238536422018,0.0171521849099283,0.414609278668053
0,0.567405342101752,0.0171488249129828,0.415445832985266
0,0.566572147781485,0.0171454903592369,0.416282361859279
0,0.565738953461218,0.0171421813519983,0.417118865186784
0,0.564905759140951,0.0171388979951066,0.417955342863943
0,0.564072564820684,0.0171356403929362,0.41879179478638
0,0.563239370500417,0.0171324086504,0.419628220849183
0,0.56240617618015,0.0171292028729524,0.420464620946898
0,0.561572981859883,0.0171260231665925,0.421300994973524
0,0.560739787539616,0.017122869637868,0.422137342822516
0,0.55990659321935,0.0171197423938782,0.422973664386772
0,0.559073398899083,0.0171166415422773,0.42380995955864
0,0.558240204578816,0.0171135671912782,0.424646228229906
0,0.557407010258549,0.0171105194496559,0.425482470291795
0,0.556573815938282,0.0171074984267507,0.426318685634967
0,0.555740621618015,0.017104504232472,0.427154874149513
0,0.554907427297748,0.017101536977302,0.42799103572495
0,0.554074232977481,0.017098596772299,0.42882717025022
0,0.553241038657214,0.0170956837291012,0.429663277613684
0,0.552407844336947,0.01709279795993,0.430499357703123
0,0.551574650016681,0.0170899395775945,0.431335410405725
0,0.550741455696414,0.0170871086954943,0.432171435608092
0,0.549908261376147,0.0170843054276237,0.433007433196229
0,0.54907506705588,0.0170815298885756,0.433843403055544
0,0.548241872735613,0.0170787821935449,0.434679345070842
0,0.547408678415346,0.0170760624583327,0.435515259126321
0,0.546575484095079,0.0170733707993501,0.436351145105571
0,0.545742289774812,0.0170707073336218,0.437187002891566
0,0.544909095454545,0.0170680721787905,0.438022832366664
0,0.544075901134279,0.0170654654531207,0.438858633412601
0,0.543242706814012,0.0170628872755023,0.439694405910486
0,0.542409512493745,0.0170603377654555,0.4405301497408
0,0.541576318173478,0.017057817043134,0.441365864783388
0,0.540743123853211,0.0170553252293295,0.442201550917459
0,0.539909929532944,0.017052862445476,0.44303720802158
0,0.539076735212677,0.0170504288136536,0.443872835973669
0,0.53824354089241,0.0170480244565928,0.444708434650997
0,0.537410346572143,0.0170456494976791,0.445544003930177
0,0.536577152251877,0.0170433040609569,0.446379543687166
0,0.53574395793161,0.0170409882711337,0.447215053797257
0,0.534910763611343,0.017038702253585,0.448050534135072
0,0.534077569291076,0.0170364461343582,0.448885984574566
0,0.533244374970809,0.0170342200401771,0.449721404989014
0,0.532411180650542,0.0170320240984465,0.450556795251011
0,0.531577986330275,0.0170298584372567,0.451392155232468
0,0.530744792010008,0.0170277231853879,0.452227484804604
0,0.529911597689741,0.0170256184723149,0.453062783837944
0,0.529078403369475,0.0170235444282116,0.453898052202314
0,0.528245209049208,0.0170215011839556,0.454733289766837
0,0.527412014728941,0.0170194888711332,0.455568496399926
0,0.526578820408674,0.0170175076220438,0.456403671969282
0,0.525745626088407,0.0170155575697048,0.457238816341888
0,0.52491243176814,0.0170136388478565,0.458073929384003
0,0.524079237447873,0.0170117515909665,0.45890901096116
0,0.523246043127606,0.0170098959342354,0.459744060938158
0,0.52241284880734,0.0170080720136009,0.46057907917906
0,0.521579654487073,0.0170062799657434,0.461414065547184
0,0.520746460166806,0.0170045199280905,0.462249019905104
0,0.519913265846539,0.0170027920388225,0.463083942114639
0,0.519080071526272,0.0170010964368773,0.463918832036851
0,0.518246877206005,0.0169994332619553,0.46475368953204
0,0.517413682885738,0.0169978026545251,0.465588514459737
0,0.516580488565471,0.0169962047558284,0.4664233066787
0,0.515747294245204,0.0169946397078853,0.46725806604691
0,0.514914099924937,0.0169931076534997,0.468092792421563
0,0.514080905604671,0.0169916087362646,0.468927485659065
0,0.513247711284404,0.0169901431005674,0.469762145615029
0,0.512414516964137,0.0169887108915958,0.470596772144267
0,0.51158132264387,0.0169873122553426,0.471431365100787
0,0.510748128323603,0.016985947338612,0.472265924337785
0,0.509914934003336,0.0169846162890245,0.473100449707639
0,0.509081739683069,0.0169833192550232,0.473934941061908
0,0.508248545362802,0.016982056385879,0.474769398251319
0,0.507415351042536,0.0169808278316965,0.475603821125768
0,0.506582156722269,0.0169796337434199,0.476438209534312
0,0.505748962402002,0.0169784742728385,0.47727256332516
0,0.504915768081735,0.0169773495725932,0.478106882345672
0,0.504082573761468,0.0169762597961819,0.47894116644235
0,0.503249379441201,0.0169752050979655,0.479775415460834
0,0.502416185120934,0.0169741856331744,0.480609629245891
0,0.501582990800667,0.0169732015579142,0.481443807641419
0,0.5007497964804,0.0169722530291719,0.482277950490428
0,0.499916602160133,0.0169713402048221,0.483112057635044
0,0.499083407839867,0.0169704632436335,0.4839461289165
0,0.4982502135196,0.016969622305275,0.484780164175125
0,0.497417019199333,0.0169688175503218,0.485614163250345
0,0.496583824879066,0.0169680491402626,0.486448125980672
0,0.495750630558799,0.016967317237505,0.487282052203696
0,0.494917436238532,0.0169666220053831,0.488115941756085
0,0.494084241918265,0.0169659636081634,0.488949794473571
0,0.493251047597998,0.0169653422110517,0.48978361019095
0,0.492417853277731,0.0169647579801995,0.490617388742069
0,0.491584658957465,0.0169642110827114,0.491451129959824
0,0.490751464637198,0.0169637016866513,0.492284833676151
0,0.489918270316931,0.0169632299610495,0.49311849972202
0,0.489085075996664,0.0169627960759098,0.493952127927426
0,0.488251881676397,0.0169624002022162,0.494785718121387
0,0.48741868735613,0.0169620425119403,0.49561927013193
0,0.486585493035863,0.016961723178048,0.496452783786089
0,0.485752298715596,0.0169614423745071,0.497286258909897
0,0.484919104395329,0.0169612002762944,0.498119695328376
0,0.484085910075062,0.0169609970594028,0.498953092865535
0,0.483252715754796,0.0169608329008493,0.499786451344355
0,0.482419521434529,0.0169607079786816,0.50061977058679
0,0.481586327114262,0.0169606224719862,0.501453050413752
0,0.480753132793995,0.0169605765608958,0.502286290645109
0,0.479919938473728,0.0169605704265971,0.503119491099675
0,0.479086744153461,0.0169606042513381,0.503952651595201
0,0.478253549833194,0.0169606782184364,0.504785771948369
0,0.477420355512927,0.0169607925122868,0.505618851974786
0,0.476587161192661,0.0169609473183691,0.50645189148897
0,0.475753966872394,0.0169611428232562,0.50728489030435
0,0.474920772552127,0.0169613792146224,0.508117848233251
0,0.47408757823186,0.0169616566812512,0.508950765086889
0,0.473254383911593,0.0169619754130436,0.509783640675363
0,0.472421189591326,0.0169623356010265,0.510616474807647
0,0.471587995271059,0.016962737437361,0.51144926729158
0,0.470754800950792,0.0169631811153506,0.512282017933857
0,0.469921606630525,0.0169636668294501,0.513114726540025
0,0.469088412310259,0.016964194775274,0.513947392914467
0,0.468255217989992,0.0169647651496052,0.514780016860403
0,0.467422023669725,0.0169653781504037,0.515612598179872
0,0.466588829349458,0.0169660339768152,0.516445136673727
0,0.465755635029191,0.0169667328291806,0.517277632141628
0,0.464922440708924,0.0169674749090443,0.518110084382032
0,0.464089246388657,0.0169682604191638,0.518942493192179
0,0.46325605206839,0.0169690895635186,0.519774858368091
0,0.462422857748123,0.0169699625473193,0.520607179704557
0,0.461589663427857,0.0169708795770172,0.521439456995126
0,0.46075646910759,0.0169718408603135,0.522271690032097
0,0.459923274787323,0.0169728466061691,0.523103878606508
0,0.459090080467056,0.0169738970248136,0.523936022508131
0,0.458256886146789,0.0169749923277554,0.524768121525455
0,0.457423691826522,0.0169761327277915,0.525600175445686
0,0.456590497506255,0.016977318439017,0.526432184054728
0,0.455757303185988,0.0169785496768353,0.527264147137176
0,0.454924108865721,0.016979826657968,0.528096064476311
0,0.454090914545454,0.0169811496004652,0.52892793585408
0,0.453257720225188,0.0169825187237152,0.529759761051097
0,0.452424525904921,0.0169839342484556,0.530591539846624
0,0.451591331584654,0.016985396396783,0.531423272018563
0,0.450758137264387,0.0169869053921638,0.532254957343449
0,0.44992494294412,0.016988461459445,0.533086595596435
0,0.449091748623853,0.0169900648248642,0.533918186551283
0,0.448258554303586,0.0169917157160613,0.534749729980353
0,0.447425359983319,0.0169934143620887,0.535581225654592
0,0.446592165663053,0.0169951609934225,0.536412673343525
0,0.445758971342786,0.0169969558419738,0.537244072815241
0,0.444925777022519,0.0169987991410998,0.538075423836381
0,0.444092582702252,0.0170006911256147,0.538906726172133
0,0.443259388381985,0.0170026320318019,0.539737979586213
0,0.442426194061718,0.0170046220974248,0.540569183840857
0,0.441592999741451,0.0170066615617388,0.54140033869681
0,0.440759805421184,0.0170087506655032,0.542231443913312
0,0.439926611100917,0.0170108896509925,0.54306249924809
0,0.439093416780651,0.017013078762009,0.543893504457341
0,0.438260222460384,0.0170153182438943,0.544724459295722
0,0.437427028140117,0.0170176083435419,0.545555363516341
0,0.43659383381985,0.0170199493094096,0.546386216870741
0,0.435760639499583,0.0170223413915314,0.547217019108886
0,0.434927445179316,0.0170247848415307,0.548047769979153
0,0.434094250859049,0.0170272799126323,0.548878469228319
0,0.433261056538782,0.0170298268596758,0.549709116601542
0,0.432427862218515,0.0170324259391283,0.550539711842356
0,0.431594667898249,0.0170350774090971,0.551370254692654
0,0.430761473577982,0.0170377815293436,0.552200744892675
0,0.429928279257715,0.0170405385612958,0.553031182180989
0,0.429095084937448,0.0170433487680623,0.55386156629449
0,0.428261890617181,0.0170462124144456,0.554691896968373
0,0.427428696296914,0.0170491297669556,0.55552217393613
0,0.426595501976647,0.0170521010938241,0.556352396929529
0,0.42576230765638,0.0170551266650179,0.557182565678602
0,0.424929113336113,0.0170582067522534,0.558012679911633
0,0.424095919015847,0.0170613416290109,0.558842739355143
0,0.42326272469558,0.0170645315705484,0.559672743733872
0,0.422429530375313,0.0170677768539169,0.56050269277077
0,0.421596336055046,0.0170710777579742,0.56133258618698
0,0.420763141734779,0.0170744345634007,0.56216242370182
0,0.419929947414512,0.0170778475527131,0.562992205032775
0,0.419096753094245,0.0170813170102807,0.563821929895474
0,0.418263558773978,0.0170848432223397,0.564651598003682
0,0.417430364453711,0.0170884264770093,0.565481209069279
0,0.416597170133444,0.0170920670643067,0.566310762802249
0,0.415763975813178,0.017095765276163,0.567140258910659
0,0.414930781492911,0.0170995214064392,0.56796969710065
0,0.414097587172644,0.017103335750942,0.568799077076414
0,0.413264392852377,0.0171072086074399,0.569628398540183
0,0.41243119853211,0.0171111402756799,0.57045766119221
0,0.411598004211843,0.0171151310574034,0.571286864730753
0,0.410764809891576,0.0171191812563637,0.57211600885206
0,0.409931615571309,0.0171232911783418,0.572945093250349
0,0.409098421251043,0.0171274611311644,0.573774117617793
0,0.408265226930776,0.0171316914247202,0.574603081644504
0,0.407432032610509,0.0171359823709779,0.575431985018513
0,0.406598838290242,0.0171403342840034,0.576260827425755
0,0.405765643969975,0.0171447474799773,0.577089608550048
0,0.404932449649708,0.0171492222772133,0.577918328073079
0,0.404099255329441,0.0171537589961758,0.578746985674383
0,0.403266061009174,0.0171583579594983,0.579575581031327
0,0.402432866688907,0.017163019492002,0.580404113819091
0,0.40159967236864,0.017167743920714,0.581232583710646
0,0.400766478048374,0.0171725315748863,0.58206099037674
0,0.399933283728107,0.017177382786015,0.582889333485878
0,0.39910008940784,0.0171822978878592,0.583717612704301
0,0.398266895087573,0.0171872772164606,0.584545827695966
0,0.397433700767306,0.0171923211101628,0.585373978122531
0,0.396600506447039,0.0171974299096314,0.586202063643329
0,0.395767312126772,0.0172026039578738,0.587030083915354
0,0.394934117806505,0.0172078436002595,0.587858038593235
0,0.394100923486239,0.0172131491845403,0.588685927329221
0,0.393267729165972,0.0172185210608714,0.589513749773157
0,0.392434534845705,0.0172239595818316,0.590341505572464
0,0.391601340525438,0.0172294651024449,0.591169194372117
0,0.390768146205171,0.0172350379802012,0.591996815814628
0,0.389934951884904,0.0172406785750786,0.592824369540017
0,0.389101757564637,0.0172463872495644,0.593651855185798
0,0.38826856324437,0.0172521643686771,0.594479272386953
0,0.387435368924103,0.0172580102999892,0.595306620775907
0,0.386602174603837,0.0172639254136489,0.596133899982515
0,0.38576898028357,0.017269910082403,0.596961109634027
0,0.384935785963303,0.0172759646816201,0.597788249355077
0,0.384102591643036,0.0172820895893132,0.598615318767651
0,0.383269397322769,0.0172882851861633,0.599442317491068
0,0.382436203002502,0.0172945518555432,0.600269245141955
0,0.381603008682235,0.0173008899835412,0.601096101334224
0,0.380769814361968,0.0173072999589852,0.601922885679047
0,0.379936620041701,0.0173137821734671,0.602749597784832
0,0.379103425721435,0.0173203370213675,0.603576237257198
0,0.378270231401168,0.0173269648998807,0.604402803698952
0,0.377437037080901,0.0173336662090396,0.60522929671006
0,0.376603842760634,0.0173404413517414,0.606055715887625
0,0.375770648440367,0.0173472907337733,0.60688206082586
0,0.3749374541201,0.0173542147638384,0.607708331116062
0,0.374104259799833,0.0173612138535819,0.608534526346585
0,0.373271065479566,0.017368288417618,0.609360646102816
0,0.372437871159299,0.0173754388735564,0.610186689967144
0,0.371604676839032,0.0173826656420298,0.611012657518938
0,0.370771482518766,0.0173899691467208,0.611838548334514
0,0.369938288198499,0.0173973498143902,0.612664361987111
0,0.369105093878232,0.0174048080749049,0.613490098046863
0,0.368271899557965,0.017412344361266,0.614315756080769
0,0.367438705237698,0.0174199591096377,0.615141335652664
0,0.366605510917431,0.0174276527593763,0.615966836323193
0,0.365772316597164,0.0174354257530593,0.616792257649776
0,0.364939122276897,0.0174432785365152,0.617617599186587
0,0.36410592795663,0.0174512115588534,0.618442860484516
0,0.363272733636364,0.0174592252724945,0.619268041091142
0,0.362439539316097,0.0174673201332007,0.620093140550703
0,0.36160634499583,0.0174754966001071,0.620918158404063
0,0.360773150675563,0.0174837551357528,0.621743094188684
0,0.359939956355296,0.0174920962061127,0.622567947438591
0,0.35944579032583,0.0174970907256047,0.623057118948565
0,0.359106762035029,0.0175008723301743,0.623392365634796
0,0.358273567714762,0.0175102533534015,0.624216178931836
0,0.357440373394495,0.017519727175055,0.62503989943045
0,0.356607179074229,0.0175292943284686,0.625863526597303
0,0.355773984753962,0.017538955350991,0.626687059895047
0,0.354940790433695,0.0175487107840242,0.627510498782281
0,0.354107596113428,0.0175585611730616,0.62833384271351
0,0.353274401793161,0.0175685070677268,0.629157091139112
0,0.352441207472894,0.0175785490218128,0.629980243505293
0,0.351608013152627,0.0175886875933218,0.630803299254051
0,0.35077481883236,0.0175989233445051,0.631626257823135
0,0.349941624512093,0.0176092568419039,0.632449118646003
0,0.349108430191827,0.0176196886563904,0.633271881151783
0,0.34827523587156,0.0176302193632091,0.634094544765231
0,0.347442041551293,0.0176408495420189,0.634917108906688
0,0.346608847231026,0.0176515797769358,0.635739572992038
0,0.345775652910759,0.0176624106565754,0.636561936432666
0,0.344942458590492,0.0176733427740969,0.637384198635411
0,0.344109264270225,0.0176843767272467,0.638206359002528
0,0.343276069949958,0.0176955131184033,0.639028416931638
0,0.342442875629691,0.0177067525546218,0.639850371815687
0,0.341609681309424,0.0177180956476798,0.640672223042896
0,0.340776486989158,0.0177295430141235,0.641493969996719
0,0.339943292668891,0.017741095275314,0.642315612055795
0,0.339110098348624,0.0177527530574747,0.643137148593901
0,0.338276904028357,0.017764516991739,0.643958578979904
0,0.33744370970809,0.0177763877141986,0.644779902577711
0,0.336610515387823,0.0177883658659522,0.645601118746225
0,0.335777321067556,0.0178004520931551,0.646422226839289
0,0.334944126747289,0.0178126470470689,0.647243226205642
0,0.334110932427023,0.0178249513841127,0.648064116188865
0,0.333277738106756,0.0178373657659136,0.648884896127331
0,0.332444543786489,0.0178498908593591,0.649705565354152
0,0.331611349466222,0.0178625273366491,0.650526123197129
0,0.330778155145955,0.0178752758753493,0.651346568978696
0,0.329944960825688,0.0178881371584448,0.652166902015867
0,0.329111766505421,0.0179011118743942,0.652987121620185
0,0.328278572185154,0.0179142007171852,0.653807227097661
0,0.327445377864887,0.0179274043863895,0.654627217748723
0,0.32661218354462,0.0179407235872198,0.65544709286816
0,0.325778989224354,0.0179541590305864,0.65626685174506
0,0.324945794904087,0.0179677114331551,0.657086493662758
0,0.32411260058382,0.0179813815174058,0.657906017898774
0,0.323279406263553,0.0179951700116912,0.658725423724756
0,0.322446211943286,0.0180090776502968,0.659544710406417
0,0.321613017623019,0.018023105173502,0.660363877203479
0,0.320779823302752,0.0180372533276407,0.661182923369607
0,0.319946628982485,0.0180515228651636,0.662001848152351
0,0.319113434662219,0.0180659145447013,0.66282065079308
0,0.318280240341952,0.0180804291311279,0.66363933052692
0,0.317447046021685,0.0180950673956251,0.66445788658269
0,0.316613851701418,0.0181098301157476,0.665276318182835
0,0.315780657381151,0.0181247180754892,0.66609462454336
0,0.314947463060884,0.0181397320653495,0.666912804873766
0,0.314114268740617,0.0181548728824019,0.667730858376981
0,0.31328107442035,0.0181701413303614,0.668548784249288
0,0.312447880100083,0.018185538219655,0.669366581680262
0,0.311614685779816,0.018201064367491,0.670184249852692
0,0.31078149145955,0.0182167205979307,0.67100178794252
0,0.309948297139283,0.0182325077419604,0.671819195118757
0,0.309115102819016,0.0182484266375641,0.67263647054342
0,0.308281908498749,0.0182644781297975,0.673453613371454
0,0.307448714178482,0.0182806630708629,0.674270622750655
0,0.306615519858215,0.0182969823201848,0.6750874978216
0,0.305782325537948,0.0183134367444867,0.675904237717565
0,0.304949131217681,0.0183300272178689,0.67672084156445
0,0.304936280992765,0.0183302850458716,0.676733433961364
0,0.304115936897415,0.0183483852092025,0.677535677893383
0,0.303282742577148,0.0183669207328749,0.678350336689977
0,0.302449548256881,0.0183856092611048,0.679164842482014
0,0.301616353936614,0.0184044517970453,0.679979194266341
0,0.300783159616347,0.0184234493525238,0.680793391031129
0,0.29994996529608,0.0184426029481356,0.681607431755784
0,0.299116770975813,0.0184619136133397,0.682421315410847
0,0.298283576655546,0.0184813823865544,0.683235040957899
0,0.297450382335279,0.0185010103152561,0.684048607349464
0,0.296617188015012,0.0185207984560775,0.68486201352891
0,0.295783993694746,0.0185407478749083,0.685675258430346
0,0.294950799374479,0.018560859646997,0.686488340978524
0,0.294117605054212,0.0185811348570534,0.687301260088735
0,0.293284410733945,0.0186015745993533,0.688114014666702
0,0.292451216413678,0.0186221799778444,0.688926603608477
0,0.291618022093411,0.0186429521062531,0.689739025800336
0,0.290784827773144,0.0186638921081931,0.690551280118663
0,0.289951633452877,0.0186850011172756,0.691363365429847
0,0.28911843913261,0.0187062802772208,0.692175280590169
0,0.288285244812344,0.0187277307419708,0.692987024445686
0,0.287452050492077,0.0187493536758039,0.693798595832119
0,0.28661885617181,0.0187711502534511,0.694609993574739
0,0.285785661851543,0.0187931216602134,0.695421216488244
0,0.284952467531276,0.0188152690920809,0.696232263376643
0,0.284119273211009,0.0188375937558542,0.697043133033137
0,0.283286078890742,0.018860096869266,0.697853824239992
0,0.282452884570475,0.018882779661106,0.698664335768419
0,0.281619690250208,0.0189056433713462,0.699474666378445
0,0.280786495929942,0.0189286892512688,0.70028481481879
0,0.279953301609675,0.0189519185635953,0.70109477982673
0,0.279120107289408,0.0189753325826176,0.701904560127975
0,0.278286912969141,0.018998932594331,0.702714154436528
0,0.277453718648874,0.0190227198965686,0.703523561454557
0,0.276620524328607,0.0190466957991383,0.704332779872255
0,0.27578733000834,0.019070861623961,0.705141808367699
0,0.274954135688073,0.0190952187052109,0.705950645606716
0,0.274120941367807,0.0191197683894581,0.706759290242735
0,0.27328774704754,0.019144512035813,0.707567740916647
0,0.272653994591177,0.0191634793661385,0.708182526042685
0,0.272454552727273,0.0191700215917513,0.708375425680976
0,0.271621358407006,0.0191975595399373,0.709181082053057
0,0.270788164086739,0.0192253155123247,0.709986520400936
0,0.269954969766472,0.0192532910710902,0.710791739162438
0,0.269121775446205,0.0192814877932171,0.711596736760578
0,0.268288581125938,0.0193099072706709,0.712401511603391
0,0.267455386805671,0.0193385511105783,0.71320606208375
0,0.266622192485404,0.0193674209354077,0.714010386579188
0,0.265788998165138,0.0193965183831529,0.71481448345171
0,0.264955803844871,0.0194258451075191,0.71561835104761
0,0.264122609524604,0.0194554027781122,0.716421987697284
0,0.263289415204337,0.01948519308063,0.717225391715033
0,0.26245622088407,0.0195152177170566,0.718028561398873
0,0.261623026563803,0.0195454784058599,0.718831495030337
0,0.260789832243536,0.0195759768821915,0.719634190874272
0,0.259956637923269,0.0196067148980895,0.720436647178641
0,0.259123443603002,0.0196376942226847,0.721238862174313
0,0.258290249282736,0.0196689166424096,0.722040834074855
0,0.257457054962469,0.0197003839612103,0.722842561076321
0,0.256623860642202,0.0197320980007619,0.723644041357036
0,0.255790666321935,0.0197640606006866,0.724445273077378
0,0.254957472001668,0.0197962736187754,0.725246254379556
0,0.254124277681401,0.0198287389312131,0.726046983387386
0,0.253291083361134,0.0198614584328063,0.726847458206059
0,0.252457889040867,0.0198944340372154,0.727647676921917
0,0.2516246947206,0.0199276676771893,0.72844763760221
0,0.250791500400334,0.0199611613048043,0.729247338294862
0,0.249958306080067,0.0199949168917062,0.730046777028227
0,0.249915267227155,0.0199966736864053,0.73008805908644
0,0.2491251117598,0.0200319178901298,0.73084297035007
0,0.248291917439533,0.0200693732704649,0.731638709290002
0,0.247458723119266,0.0201071229699182,0.732434153910816
0,0.246625528798999,0.0201451692580453,0.733229301942956
0,0.245792334478732,0.0201835144275968,0.734024151093671
0,0.244959140158465,0.0202221607948154,0.734818699046719
0,0.244125945838198,0.0202611106997368,0.735612943462065
0,0.243292751517932,0.0203003665064972,0.736406881975571
0,0.242459557197665,0.0203399306036433,0.737200512198692
0,0.241626362877398,0.0203798054044489,0.737993831718153
0,0.240793168557131,0.0204199933472352,0.738786838095634
0,0.239959974236864,0.0204604968956972,0.739579528867439
0,0.239126779916597,0.0205013185392338,0.740371901544169
0,0.23829358559633,0.0205424607932848,0.741163953610385
0,0.237460391276063,0.0205839261996716,0.741955682524265
0,0.236627196955796,0.0206257173269443,0.742747085717259
0,0.23579400263553,0.020667836770734,0.743538160593736
0,0.234960808315263,0.0207102871541104,0.744328904530627
0,0.234127613994996,0.0207530711279454,0.745119314877059
0,0.233294419674729,0.0207961913712827,0.745909388953989
0,0.232648749163444,0.0208298680066722,0.746521382829884
0,0.232461225354462,0.0208405264870371,0.746698248158501
0,0.231628031034195,0.0208882505625653,0.74748371840324
0,0.230794836713928,0.0209363522341145,0.748268811051957
0,0.229961642393661,0.0209848345891258,0.749053523017213
0,0.229128448073394,0.0210337007485388,0.749837851178067
0,0.228295253753128,0.0210829538672474,0.750621792379625
0,0.227462059432861,0.0211325971345622,0.751405343432577
0,0.226628865112594,0.0211826337746819,0.752188501112724
0,0.225795670792327,0.0212330670471706,0.752971262160502
0,0.22496247647206,0.0212839002474452,0.753753623280495
0,0.224129282151793,0.0213351367072685,0.754535581140938
0,0.223296087831526,0.0213867797952524,0.755317132373221
0,0.222462893511259,0.0214388329173683,0.756098273571372
0,0.221629699190992,0.0214912995174666,0.756879001291541
0,0.220796504870726,0.0215441830778047,0.75765931205147
0,0.219963310550459,0.0215974871195837,0.758439202329958
0,0.219130116230192,0.0216512152034944,0.759218668566314
0,0.218947835122329,0.0216630623269391,0.759389102550732
0,0.218296921909925,0.0217090503218833,0.759994027768192
0,0.217463727589658,0.0217683873430514,0.760767885067291
0,0.216630533269391,0.0218282003813758,0.761541266349233
0,0.215797338949124,0.0218884935463003,0.762314167504575
0,0.214964144628857,0.021949270994391,0.763086584376752
0,0.214130950308591,0.0220105369300128,0.763858512761397
0,0.213297755988324,0.0220722956060189,0.764629948405658
0,0.212464561668057,0.0221345513244518,0.765400887007492
0,0.21163136734779,0.0221973084372558,0.766171324214954
0,0.210798173027523,0.0222605713470034,0.766941255625474
0,0.209964978707256,0.0223243445076328,0.767710676785111
0,0.209131784386989,0.0223886324251996,0.768479583187811
0,0.208298590066722,0.0224534396586409,0.769247970274637
0,0.207752528371723,0.022496256647206,0.769751214981071
0,0.207465395746455,0.0225206759157971,0.770013928337748
0,0.206632201426188,0.0225921114502165,0.770775687123595
0,0.205799007105922,0.0226641297870687,0.77153686310701
0,0.204965812785655,0.0227367361949005,0.772297451019445
0,0.204132618465388,0.0228099360055647,0.773057445529047
0,0.203299424145121,0.0228837346151741,0.773816841239705
0,0.202466229824854,0.0229581374850718,0.774575632690074
0,0.201633035504587,0.0230331501428197,0.775333814352593
0,0.20079984118432,0.0231087781832056,0.776091380632474
0,0.199966646864053,0.0231850272692673,0.776848325866679
0,0.199133452543786,0.0232619031333369,0.777604644322877
0,0.198407338724503,0.0233294509674729,0.778263210308024
0,0.19830025822352,0.0233402333758977,0.778359508400583
0,0.197467063903253,0.0234248309686198,0.779108105128127
0,0.196633869582986,0.0235101318879803,0.779855998529034
0,0.195800675262719,0.0235961427684706,0.780603181968811
0,0.194967480942452,0.0236828703278151,0.781349648729733
0,0.194134286622185,0.0237703213682809,0.782095392009534
0,0.193301092301918,0.0238585027780111,0.782840404920071
0,0.192467897981651,0.0239474215323845,0.783584680485964
0,0.191634703661384,0.0240370846953998,0.784328211643216
0,0.190801509341118,0.0241274994210884,0.785070991237794
0,0.190480353784973,0.0241626452877398,0.785357000927287
0,0.189968315020851,0.0242231904651172,0.785808494514032
0,0.189135120700584,0.0243225492216204,0.786542330077796
0,0.188301926380317,0.0244227514807575,0.787275322138926
0,0.18746873206005,0.0245238055376852,0.788007462402265
0,0.186635537739783,0.0246257197961106,0.788738742464106
0,0.185802343419516,0.0247285027700716,0.789469153810412
0,0.184969149099249,0.0248321630857542,0.790198687814996
0,0.184135954778982,0.0249367094833438,0.790927335737674
0,0.18366874775133,0.0249958396080067,0.791335412640664
0,0.183302760458716,0.0250458059286572,0.791651433612627
0,0.182469566138449,0.0251605512760977,0.792369882585454
0,0.181636371818182,0.0252762913222246,0.793087336859594
0,0.180803177497915,0.0253930362197324,0.793803786282353
0,0.179969983177648,0.0255107962592661,0.794519220563086
0,0.179136788857381,0.0256295818717711,0.795233629270848
0,0.178303594537114,0.0257494036308925,0.795947001831993
0,0.177754712986241,0.0258290339282736,0.796416253085485
0,0.177470400216847,0.0258734642256274,0.796656135557525
0,0.17663720589658,0.0260048360486186,0.797357958054801
0,0.175804011576314,0.0261373714936213,0.798058616930065
0,0.174970817256047,0.0262710828677403,0.798758099876213
0,0.17413762293578,0.0264059826514262,0.799456394412794
0,0.173304428615513,0.0265420835015385,0.800153487882948
0,0.172575440085017,0.0266622282485405,0.800762331666443
0,0.172471234295246,0.0266807039028347,0.800848061801919
0,0.171638039974979,0.0268297889832477,0.801532171041773
0,0.170804845654712,0.0269802236136151,0.802214930731673
0,0.169971651334445,0.0271320225573464,0.802896326108208
0,0.169138457014178,0.0272852007930021,0.803576342192819
0,0.168305262693912,0.027439773518226,0.804254963787862
0,0.168008059385459,0.0274954225688073,0.804496518045734
0,0.167472068373645,0.0276032692097578,0.804924662416597
0,0.166638874053378,0.0277724794553282,0.805588646491294
0,0.165805679733111,0.0279432579825552,0.806251062284334
0,0.164972485412844,0.0281156225651663,0.80691189202199
0,0.164139291092577,0.0282895912453254,0.807571117662097
0,0.163954150514191,0.0283286168890742,0.807717232596735
0,0.16330609677231,0.0284752676344053,0.808218635593284
0,0.162472902452043,0.0286656084873488,0.808861489060608
0,0.161639708131776,0.0288577551116907,0.809502536756533
0,0.16080651381151,0.0290517286649255,0.810141757523565
0,0.160338182633995,0.0291618112093411,0.810500006156664
0,0.159973319491243,0.0292538035186854,0.810772876990072
0,0.159140125170976,0.0294659331066365,0.811393941722388
0,0.158306930850709,0.0296801213847901,0.812012947764501
0,0.157473736530442,0.0298963932310786,0.812629870238479
0,0.157097549882064,0.029995005529608,0.812907444588328
0,0.156640542210175,0.0301234182095188,0.813236039580306
0,0.155807347889908,0.0303598751767642,0.813832776933328
0,0.154974153569641,0.0305986831481833,0.814427163282175
0,0.15418128770057,0.0308281998498749,0.814990512449555
0,0.154140959249374,0.0308407060364032,0.815018334714222
0,0.153307764929108,0.0311017440080194,0.815590491062873
0,0.152474570608841,0.0313654381863484,0.816159991204811
0,0.151641376288574,0.0316318227256068,0.81672680098582
0,0.15154983547448,0.0316613941701418,0.816788770355378
0,0.150808181968307,0.031917957667762,0.817273860363931
0,0.14997498764804,0.032209197582061,0.817815814769899
0,0.149166979718151,0.0324945884904087,0.818338431791441
0,0.149141793327773,0.0325041113451393,0.818354095327088
0,0.148308599007506,0.0328225136840194,0.818868887308474
0,0.147475404687239,0.0331443240597139,0.819380271253047
0,0.147005476050072,0.0333277828106756,0.819666741139253
0,0.146642210366972,0.0334795738114718,0.819878215821556
0,0.145809016046706,0.0338315403765759,0.820359443576719
0,0.145037643617555,0.0341609771309425,0.820801379251502
0,0.144975821726439,0.034189234470743,0.820834943802818
0,0.144142627406172,0.0345743187269514,0.821283053866877
0,0.143309433085905,0.0349637521374073,0.821726814776688
0,0.143245076004398,0.0349941714512093,0.821760752544393
0,0.142476238765638,0.0353831670490638,0.822140594185298
0,0.141643044445371,0.0358096122624752,0.822547343292154
0,0.141608751421783,0.0358273657714762,0.822563882806741
0,0.140809850125104,0.036270188891138,0.822919960983758
0,0.140113855559648,0.0366605600917431,0.823225584348609
0,0.139976655804837,0.0367429738595552,0.823280370335607
0,0.13914346148457,0.0372494278164394,0.82360711069899
0,0.13874631713342,0.03749375441201,0.82375992845457
0,0.138310267164304,0.03778121343394,0.823908519401756
0,0.137492579601726,0.0383269487322769,0.824180471665997
0,0.137477072844037,0.0383380452715977,0.824184881884366
0,0.13664387852377,0.0389416449078704,0.82441447656836
0,0.136346043164203,0.0391601430525438,0.824493813783253
0,0.135810684203503,0.0395816401812404,0.824607675615257
0,0.135294431347673,0.0399933373728107,0.824712231279516
0,0.134977489883236,0.0402648498015247,0.824757660315239
0,0.134330309497323,0.0408265316930776,0.8248431588096
0,0.134144295562969,0.0410001566054932,0.824855547831538
0,0.133446941119246,0.0416597260133445,0.82489333286741
0,0.133311101242702,0.0417980956407078,0.82489080311659
0,0.132638066025417,0.0424929203336113,0.824869013640972
0,0.132477906922435,0.0426712860861357,0.824850806991429
0,0.131897861001677,0.0433261146538782,0.824776024344445
0,0.131644712602168,0.0436350048554266,0.824720282542405
0,0.131220904304102,0.0441593089741451,0.824619786721753
0,0.130811518281902,0.044707959297976,0.824480522420122
0,0.130602143555337,0.044992503294412,0.824405353150251
0,0.130037583419093,0.0458256976146789,0.824136718966228
0,0.129978323961635,0.0459208734406643,0.824100802597701
0,0.129525302659107,0.0466588919349458,0.823815805405947
0,0.129145129641368,0.0473357984259976,0.823519071932635
0,0.129058607807645,0.0474920862552127,0.823449305937142
0,0.128637609171042,0.0483252805754796,0.823037110253478
0,0.128311935321101,0.0490353848244811,0.822652679854418
0,0.12825630318792,0.0491584748957465,0.822585221916334
0,0.127915578056251,0.0499916692160133,0.822092752727735
0,0.127609632882078,0.0508248635362802,0.821565503581641
0,0.127478741000834,0.0512239857676389,0.821297273231527
0,0.127338497902022,0.0516580578565471,0.821003444241431
0,0.127100026126499,0.052491252176814,0.820408721696687
0,0.126891094742492,0.0533244464970809,0.819784458760427
0,0.126710271982187,0.0541576408173478,0.819132087200466
0,0.126645546680567,0.0545070940388652,0.818847359280568
0,0.126557305536101,0.0549908351376147,0.818451859326284
0,0.126430291060722,0.0558240294578816,0.817745679481397
0,0.126327227295496,0.0566572237781485,0.817015548926356
0,0.126246974895158,0.0574904180984153,0.816262607006427
0,0.126188452914175,0.0583236124186822,0.815487934667143
0,0.12615063534183,0.0591568067389491,0.814692557919221
0,0.126132547875146,0.059990001059216,0.813877451065638
0,0.126133264911036,0.0608231953794829,0.813043539709481
0,0.12615190674065,0.0616563896997498,0.8121917035596
0,0.126187636930427,0.0624895840200167,0.811322779049556
0,0.12623965987567,0.0633227783402836,0.810437561784046
0,0.12630721851368,0.0641559726605505,0.809536808825769
0,0.126389592184575,0.0649891669808173,0.808621240834608
0,0.12648609462893,0.0658223613010842,0.807691544069986
0,0.126596072112257,0.0666555556213511,0.806748372266392
0,0.126645546680567,0.0669904661251593,0.806363987194273
0,0.12671981263884,0.067488749941618,0.805791437419542
0,0.126856577210523,0.0683219442618849,0.804821478527592
0,0.127005177836567,0.0691551385821518,0.803839683581281
0,0.127165067597692,0.0699883329024187,0.802846599499889
0,0.127335724651143,0.0708215272226856,0.801842748126172
0,0.127478741000834,0.0714796459450073,0.801041613054159
0,0.127517117427953,0.0716547215429525,0.800828161029094
0,0.127710183590524,0.0724879158632193,0.799801900546256
0,0.127912703083725,0.0733211101834862,0.798766186732789
0,0.128124236777714,0.0741543045037531,0.797721458718533
0,0.128311935321101,0.0748643677573747,0.796823696921524
0,0.128344760708767,0.07498749882402,0.796667740467213
0,0.128575867317997,0.0758206931442869,0.795603439537716
0,0.128814878254187,0.0766538874645538,0.794531234281259
0,0.129061422482088,0.0774870817848207,0.793451495733091
0,0.129145129641368,0.0777612816570828,0.793093588701549
0,0.129317201700937,0.0783202761050876,0.792362522193976
0,0.129580914192135,0.0791534704253545,0.791265615382511
0,0.129851218463551,0.0799866647456213,0.790162116790828
0,0.129978323961635,0.0803687898626617,0.789652886175704
0,0.130129593286145,0.0808198590658882,0.789050547647967
0,0.130415539960374,0.0816530533861551,0.787931406653471
0,0.130707241424893,0.082486247706422,0.786806510868685
0,0.130811518281902,0.0827778905909415,0.786410591127157
0,0.13100671402182,0.0833194420266889,0.785673843951491
0,0.131312696534993,0.0841526363469558,0.784534667118051
0,0.131623688309495,0.0849858306672227,0.783390481023282
0,0.131644712602168,0.0850411116705284,0.783314175727303
0,0.131942920537369,0.0858190249874896,0.782238054475142
0,0.13226697601299,0.0866522193077565,0.781080804679254
0,0.132477906922435,0.0871866471983411,0.780335445879224
0,0.132596751615678,0.0874854136280234,0.779917834756299
0,0.132933168571164,0.0883186079482902,0.778748223480545
0,0.133273540826594,0.0891518022685571,0.777574656904849
0,0.133311101242702,0.0892424335181057,0.777446465239192
0,0.13362122569168,0.089984996588824,0.776393777719496
0,0.133972939633185,0.0908181909090909,0.775208869457724
0,0.134144295562969,0.091219436580067,0.774636267856964
0,0.134330173917396,0.0916513852293578,0.774018440853247
0,0.134692638330566,0.0924845795496247,0.772822782119809
0,0.134977489883236,0.0931333035626429,0.771889206554121
0,0.135059101498135,0.0933177738698916,0.771623124631974
0,0.135431762085466,0.0941509681901585,0.770417269724376
0,0.135807193375121,0.0949841625104254,0.769208644114454
0,0.135810684203503,0.0949918267702445,0.769197489026253
0,0.136189490393024,0.0958173568306922,0.767993152776284
0,0.136574312910416,0.0966505511509591,0.766775135938625
0,0.13664387852377,0.096799786324651,0.766556335151579
0,0.136965053053013,0.097483745471226,0.765551201475761
0,0.137358796663326,0.0983169397914929,0.764324263545181
0,0.137477072844037,0.0985652307404054,0.763957696415558
0,0.137757726494362,0.0991501341117598,0.763092139393879
0,0.138159949234374,0.0999833284320267,0.7618567223336
0,0.138310267164304,0.100292536150389,0.761397196685307
0,0.138566830413648,0.100816522752294,0.760616646834059
0,0.138977116518982,0.10164971707256,0.759373166408458
0,0.13914346148457,0.101985422818122,0.758871115697308
0,0.139391724697028,0.102482911392827,0.758125363910144
0,0.139809682790902,0.103316105713094,0.756874211496004
0,0.139976655804837,0.103647076766588,0.756376267428574
0,0.140231806598402,0.104149300033361,0.755618893368237
0,0.14065706802679,0.104982494353628,0.754360437619582
0,0.140809850125104,0.105280245168532,0.753909904706364
0,0.141086508149535,0.105815688673895,0.75309780317657
0,0.141518725449233,0.106648882994162,0.751832391556606
0,0.141643044445371,0.106887311882337,0.751469643672291
0,0.141955293780442,0.107482077314429,0.750562628905129
0,0.142394139267941,0.108315271634696,0.749290589097363
0,0.142476238765638,0.108470357801329,0.749053403433033
0,0.142837658130626,0.109148465954962,0.748013875914412
0,0.143282822600919,0.109981660275229,0.746735517123851
0,0.143309433085905,0.110031209470255,0.74665935744384
0,0.143733124033736,0.110814854595496,0.745452021370767
0,0.144142627406172,0.111570795305435,0.744286577288394
0,0.144184755338909,0.111648048915763,0.744167195745328
0,0.144641240660057,0.11248124323603,0.742877516103913
0,0.144975821726439,0.113090691723066,0.741933486550495
0,0.14509946504928,0.113314437556297,0.741586097394423
0,0.145561581802753,0.114147631876564,0.740290786320683
0,0.145809016046706,0.114592651408305,0.739598332544989
0,0.146026251038896,0.114980826196831,0.738992922764273
0,0.146493744295243,0.115814020517098,0.737692235187659
0,0.146642210366972,0.116077828168792,0.737279961464236
0,0.146964717872794,0.116647214837364,0.736388067289842
0,0.147437346548305,0.117480409157631,0.735082244294064
0,0.147475404687239,0.11754725692692,0.734977338385841
0,0.147914491194358,0.118313603477898,0.733771905327744
0,0.148308599007506,0.119000773350854,0.73269062764164
0,0.148392876403683,0.119146797798165,0.732460325798152
0,0.148875216410175,0.119979992118432,0.731144791471393
0,0.149141793327773,0.120439797032716,0.73041840963951
0,0.14935962351466,0.120813186438699,0.729827190046641
0,0.149846557471738,0.121646380758966,0.728507061769297
0,0.14997498764804,0.121865620251354,0.728159392100606
0,0.150336867911954,0.122479575079233,0.727183557008813
0,0.150808181968307,0.123278705725487,0.725913112306206
0,0.150828395203164,0.1233127693995,0.725858835397336
0,0.151324296799702,0.124145963719766,0.724529739480532
0,0.151641376288574,0.124678374927301,0.723680248784126
0,0.151821595079659,0.124979158040033,0.723199246880308
0,0.152321613394178,0.1258123523603,0.721866034245522
0,0.152474570608841,0.126066793656504,0.721458635734656
0,0.152824576777059,0.126645546680567,0.720529876542374
0,0.153307764929108,0.127444275329913,0.719247959740979
0,0.153328738696353,0.127478741000834,0.719192520302813
0,0.153837063634459,0.128311935321101,0.71785100104444
0,0.154140959249374,0.128809873393691,0.717049167356935
0,0.154346772754615,0.129145129641368,0.716508097604018
0,0.154858792877439,0.129978323961635,0.715162883160926
0,0.154974153569641,0.130165744839124,0.714860101591235
0,0.155373954286789,0.130811518281902,0.71381452743131
0,0.155807347889908,0.131511502363745,0.712681149746347
0,0.155890300314918,0.131644712602168,0.712464987082913
0,0.156410038011924,0.132477906922435,0.711112055065641
0,0.156640542210175,0.132847215247604,0.710512242542221
0,0.156931730893438,0.133311101242702,0.70975716786386
0,0.157454790743552,0.134144295562969,0.708400913693479
0,0.157473736530442,0.134174415066328,0.70835184840323
0,0.157981745118541,0.134977489883236,0.707040764998223
0,0.158306930850709,0.135491614277818,0.706201454871473
0,0.158509873782846,0.135810684203503,0.705679442013651
0,0.15904012507868,0.13664387852377,0.704315996397551
0,0.159140125170976,0.136800817014149,0.704059057814875
0,0.159573420615837,0.137477072844037,0.702949506540126
0,0.159973319491243,0.138101334436296,0.701925346072462
0,0.160107895416508,0.138310267164304,0.701581837419188
0,0.16064504884607,0.13914346148457,0.700211489669359
0,0.16080651381151,0.139393749588496,0.699799736599995
0,0.161184601145632,0.139976655804837,0.698838743049531
0,0.161639708131776,0.140678502324588,0.697681789543636
0,0.161725337988386,0.140809850125104,0.69746481188651
0,0.162269121515169,0.141643044445371,0.696087834039459
0,0.162472902452043,0.141955204939559,0.695571892608398
0,0.162814851348302,0.142476238765638,0.69470890988606
0,0.16330609677231,0.143225017049031,0.693468886178659
0,0.163361771250137,0.143309433085905,0.693328795663958
0,0.163911928941515,0.144142627406172,0.691945443652313
0,0.164139291092577,0.144486967261659,0.691373741645764
0,0.164463761845802,0.144975821726439,0.69056041642776
0,0.164972485412844,0.145742582116952,0.689284932470204
0,0.165016790538687,0.145809016046706,0.689174193414608
0,0.165573081495341,0.146642210366972,0.687784708137687
0,0.165805679733111,0.146990641384086,0.687203678882804
0,0.16613094741105,0.147475404687239,0.686393647901711
0,0.166638874053378,0.148232732077195,0.685128393869428
0,0.166690014985438,0.148308599007506,0.685001386007056
0,0.167252212361999,0.149141793327773,0.683605994310227
0,0.167472068373645,0.149467676740059,0.683060254886297
0,0.167816045304863,0.14997498764804,0.682208967047097
0,0.168305262693912,0.150696854892349,0.680997882413739
0,0.168381085888874,0.150808181968307,0.68081073214282
0,0.168948975997036,0.151641376288574,0.67940964771439
0,0.169138457014178,0.151919387566333,0.678942155419489
0,0.169518713763767,0.152474570608841,0.678006715627392
0,0.169971651334445,0.153136210823358,0.676892137842196
0,0.170089665234376,0.153307764929108,0.676602569836517
0,0.170663046720727,0.154140959249374,0.675195994029899
0,0.170804845654712,0.154346970010605,0.674848184334683
0,0.17123863062396,0.154974153569641,0.673787215806398
0,0.171638039974979,0.155551948447906,0.672810011577115
0,0.171815434346974,0.155807347889908,0.672377217763118
0,0.17239411743862,0.156640542210175,0.670965340351205
0,0.172471234295246,0.15675151668816,0.670777249016594
0,0.17297549206835,0.157473736530442,0.669550771401208
0,0.173304428615513,0.157945118310427,0.66875045307406
0,0.173558092664323,0.158306930850709,0.668134976484968
0,0.17413762293578,0.15913400151372,0.666728375550501
0,0.174141933752303,0.159140125170976,0.666717941076721
0,0.17472901148506,0.159973319491243,0.665297669023697
0,0.174970817256047,0.160316684605002,0.664712498138951
0,0.175317356618642,0.16080651381151,0.663876129569848
0,0.175804011576314,0.16149478693244,0.662701201491246
0,0.175906948039163,0.161639708131776,0.66245334382906
0,0.176498918427092,0.162472902452043,0.661028179120865
0,0.17663720589658,0.162667535216424,0.660695258886995
0,0.177092958617568,0.16330609677231,0.659600944610122
0,0.177470400216847,0.16383524166515,0.658694358118002
0,0.177688250896775,0.164139291092577,0.658172458010647
0,0.178284957663943,0.164972485412844,0.656742556923212
0,0.178303594537114,0.164998490384547,0.656697915078339
0,0.178884646115007,0.165805679733111,0.655309674151883
0,0.179136788857381,0.166156157570646,0.654707053571973
0,0.179485592451752,0.166638874053378,0.65387553349487
0,0.179969983177648,0.167309617804648,0.652720399017704
0,0.180087809906254,0.167472068373645,0.652440121720101
0,0.180692180764003,0.168305262693912,0.651002556542086
0,0.180803177497915,0.168458269316815,0.65073855318527
0,0.181298736879945,0.169138457014178,0.649562806105876
0,0.181636371818182,0.169602149489797,0.648761478692021
0,0.181906569571044,0.169971651334445,0.648121779094511
0,0.182469566138449,0.170741997654382,0.646788436207169
0,0.182515691521248,0.170804845654712,0.64667946282404
0,0.183127461649867,0.171638039974979,0.645234498375154
0,0.183302760458716,0.171876860269818,0.644820379271466
0,0.183740867677877,0.172471234295246,0.643787898026877
0,0.184135954778982,0.173007544164415,0.642856501056602
0,0.184355568103791,0.173304428615513,0.642340003280696
0,0.184969149099249,0.174134354941192,0.640896495959558
0,0.184971575091093,0.17413762293578,0.640890801973127
0,0.185590496563292,0.174970817256047,0.639438686180662
0,0.185802343419516,0.175256160277474,0.63894149630301
0,0.186210735826129,0.175804011576314,0.637985252597557
0,0.186635537739783,0.176374184891502,0.636990277368715
0,0.186832286493375,0.17663720589658,0.636530507610045
0,0.187455260434707,0.177470400216847,0.635074339348446
0,0.18746873206005,0.177488408052943,0.635042859887007
0,0.188081001053959,0.178303594537114,0.633615404408927
0,0.188301926380317,0.178597894992534,0.633100178627149
0,0.188708057924929,0.179136788857381,0.63215515321769
0,0.189135120700584,0.179703750442744,0.631161128856672
0,0.189336442441886,0.179969983177648,0.630693574380466
0,0.189966181373838,0.180803177497915,0.629230641128247
0,0.189968315020851,0.180805998868312,0.629225686110837
0,0.190598709039897,0.181636371818182,0.627764919141921
0,0.190801509341118,0.18190364113137,0.627294849527512
0,0.191232568937956,0.182469566138449,0.626297864923595
0,0.191634703661384,0.182997776473361,0.625367519865255
0,0.191867772010706,0.183302760458716,0.624829467530579
0,0.192467897981651,0.184088437785277,0.623443664233071
0,0.192504329018056,0.184135954778982,0.623359716202962
0,0.193143372014059,0.184969149099249,0.621887478886692
0,0.193301092301918,0.185174845488547,0.621524062209534
0,0.193784021417264,0.185802343419516,0.62041363516322
0,0.194134286622185,0.186257673681278,0.619608039696537
0,0.194426028863736,0.186635537739783,0.618938433396481
0,0.194967480942452,0.187337139936668,0.61769537912088
0,0.195069404695745,0.18746873206005,0.617461863244205
0,0.195714758384238,0.188301926380317,0.615983315235445
0,0.195800675262719,0.188412841124555,0.615786483612726
0,0.19636218486009,0.189135120700584,0.614502694439327
0,0.196633869582986,0.189484743284865,0.613881387132149
0,0.197010983641086,0.189968315020851,0.613020701338063
0,0.197467063903253,0.190553387085872,0.611979549010876
0,0.197661164675943,0.190801509341118,0.61153732598294
0,0.19830025822352,0.191618800006732,0.610080941769748
0,0.198312737750872,0.191634703661384,0.610052558587744
0,0.19896684518693,0.192467897981651,0.608565256831418
0,0.199133452543786,0.192680190277033,0.608186357179181
0,0.199622423452899,0.193301092301918,0.607076484245183
0,0.199966646864053,0.193738356981393,0.606294996154554
0,0.200279397312047,0.194134286622185,0.605586316065768
0,0.20079984118432,0.194793386827268,0.604406771988412
0,0.20093777618883,0.194967480942452,0.604094742868718
0,0.201597804331883,0.195800675262719,0.602601520405398
0,0.201633035504587,0.195845134826634,0.602521829668778
0,0.20226015148453,0.196633869582986,0.601105978932484
0,0.202466229824854,0.196893145590802,0.600640624584344
0,0.202923907095111,0.197467063903253,0.599609029001636
0,0.203299424145121,0.197938106953925,0.598762468900954
0,0.203589080249195,0.19830025822352,0.598110661527286
0,0.204132618465388,0.198980042189145,0.596887339345467
0,0.204255679888573,0.199133452543786,0.596610867567641
0,0.204923986705799,0.199966646864053,0.595109366430147
0,0.204965812785655,0.200018776553263,0.595015410661083
0,0.205594514377327,0.20079984118432,0.593605644438353
0,0.205799007105922,0.201053963151922,0.593147029742156
0,0.206266471721509,0.201633035504587,0.592100492773904
0,0.206632201426188,0.202086203645423,0.591281594928389
0,0.206939867371455,0.202466229824854,0.590593902803691
0,0.207465395746455,0.20311551935294,0.589419084900605
0,0.207614709826583,0.203299424145121,0.589085866028296
0,0.208291055193057,0.204132618465388,0.587576326341555
0,0.208298590066722,0.204141896292447,0.58755951364083
0,0.208969788169017,0.204965812785655,0.586064399045329
0,0.209131784386989,0.205164711978727,0.585703503634284
0,0.209649970952584,0.205799007105922,0.584551021941495
0,0.209964978707256,0.206184676403198,0.583850344889546
0,0.210331611763974,0.206632201426188,0.583036186809838
0,0.210798173027523,0.207201809164639,0.582000017807838
0,0.211014718699447,0.207465395746455,0.581519885554098
0,0.21163136734779,0.208216129515667,0.580152503136543
0,0.211699299733592,0.208298590066722,0.580002110199686
0,0.212385845587443,0.209131784386989,0.578482370025568
0,0.212464561668057,0.209227299249451,0.578308139082493
0,0.213074277329353,0.209964978707256,0.576960743963391
0,0.213297755988324,0.210235397795084,0.576466846216592
0,0.213764185927833,0.210798173027523,0.575437641044644
0,0.214130950308591,0.211240750577753,0.574628299113657
0,0.214455579114352,0.21163136734779,0.573913053537858
0,0.214964144628857,0.21224337536729,0.572792480003853
0,0.215148464508075,0.212464561668057,0.572386973823869
0,0.215797338949124,0.213243289632729,0.570959371418147
0,0.21584284961805,0.213297755988324,0.570859394393626
0,0.216539283730751,0.214130950308591,0.569329765960659
0,0.216630533269391,0.214240104242088,0.569129362488521
0,0.217237483214769,0.214964144628857,0.567798372156373
0,0.217463727589658,0.215234050570044,0.567302221840298
0,0.217937185041972,0.215797338949124,0.566265476008904
0,0.218296921909925,0.216225347118382,0.565477730971693
0,0.218638396513613,0.216630533269391,0.564731070216996
0,0.219130116230192,0.217214010071229,0.563655873698579
0,0.219341124829904,0.217463727589658,0.563195147580438
0,0.219963310550459,0.218200055349826,0.561836634099715
0,0.220045377092129,0.218296921909925,0.561657700997946
0,0.220751419451462,0.219130116230192,0.560118464318346
0,0.220796504870726,0.21918330117112,0.560020193958154
0,0.221459453461733,0.219963310550459,0.558577235987809
0,0.221629699190992,0.220163611649232,0.558206689159775
0,0.222169014029124,0.220796504870726,0.55703448110015
0,0.222462893511259,0.221141360108361,0.556395746380379
0,0.222880108082013,0.221629699190992,0.555490192726995
0,0.223296087831526,0.222116561350951,0.554587350817523
0,0.22359274245871,0.222462893511259,0.553944364030031
0,0.224129282151793,0.223089229948502,0.552781487899705
0,0.224306923909506,0.223296087831526,0.552396988258967
0,0.22496247647206,0.22405938024654,0.5509781432814
0,0.225022659098713,0.224129282151793,0.550848058749494
0,0.225740260747911,0.22496247647206,0.549297262780029
0,0.225795670792327,0.225026787777203,0.54917754143047
0,0.226459745076035,0.225795670792327,0.547744584131638
0,0.226628865112594,0.225991455618826,0.54737967926858
0,0.227180785803894,0.226628865112594,0.546190349083512
0,0.227462059432861,0.226953655660628,0.545584284906511
0,0.227903389464362,0.227462059432861,0.544634551102777
0,0.228295253753128,0.227913401292085,0.543791344954788
0,0.228627562513025,0.228295253753128,0.543077183733848
0,0.229128448073394,0.228870705703086,0.542000846223519
0,0.229353311330175,0.229128448073394,0.54151824059643
0,0.229961642393661,0.229825581888059,0.54021277571828
0,0.2300806422228,0.229961642393661,0.539957715383539
0,0.230794836713928,0.230778042649977,0.538427120636095
0,0.230809561426561,0.230794836713928,0.53839560185951
0,0.231540536421283,0.231628031034195,0.536831432544522
0,0.231628031034195,0.231727729959548,0.536644239006257
0,0.232273174130639,0.232461225354462,0.535265600514899
0,0.232461225354462,0.23267497300897,0.534863801636568
0,0.233007403019525,0.233294419674729,0.533698177305746
0,0.233294419674729,0.233619846135649,0.533085734189622
0,0.233743229240471,0.234127613994996,0.532129156764533
0,0.234127613994996,0.234562361339939,0.531310024665065
0,0.234480658883298,0.234960808315263,0.530558532801439
0,0.234960808315263,0.23550253045225,0.529536661232487
0,0.235219697977078,0.23579400263553,0.528986299387393
0,0.23579400263553,0.236440365136422,0.527765632228049
0,0.235960352492088,0.236627196955796,0.527412450552115
0,0.236627196955796,0.237375876893014,0.525996926151189
0,0.236702628341764,0.237460391276063,0.525836980382172
0,0.237446600718411,0.23829358559633,0.524259813685259
0,0.237460391276063,0.238309019419783,0.524230589304154
0,0.23819257177359,0.239126779916597,0.522680648309812
0,0.23829358559633,0.239239555218592,0.522466859185077
0,0.238940167486384,0.239959974236864,0.521099858276752
0,0.239126779916597,0.240167809439175,0.520705410644228
0,0.239689393736327,0.240793168557131,0.519517437706542
0,0.239959974236864,0.241093792905747,0.518946232857389
0,0.240440256354804,0.241626362877398,0.517933380767799
0,0.240793168557131,0.242017516297076,0.517189315145793
0,0.241192761127001,0.242459557197665,0.516347681675334
0,0.241626362877398,0.242938990149292,0.51543464697331
0,0.241946913793868,0.243292751517932,0.5147603346882
0,0.242459557197665,0.243858224858641,0.513682217943694
0,0.242702720054064,0.244125945838198,0.513171334107738
0,0.243292751517932,0.244775230684172,0.511932017797897
0,0.243460185565916,0.244959140158465,0.511580674275618
0,0.244125945838198,0.245690017750375,0.510184036411427
0,0.244219315949377,0.245792334478732,0.509988349571891
0,0.244959140158465,0.246602596049759,0.508438263791776
0,0.244980116787976,0.246625528798999,0.508394354413025
0,0.245742825747361,0.247458723119266,0.506798451133373
0,0.245792334478732,0.247512771374216,0.506694894147051
0,0.246507302325123,0.248291917439533,0.505200780235344
0,0.246625528798999,0.248420678839581,0.50495379236142
0,0.247273453585816,0.2491251117598,0.503601434654384
0,0.247458723119266,0.249326414171675,0.503214862709059
0,0.248041285151214,0.249958306080067,0.50200040876872
0,0.248291917439533,0.250229986828971,0.501478095731496
0,0.248810802615694,0.250791500400334,0.500397696983972
0,0.2491251117598,0.251131406152162,0.499743482088038
0,0.249582011548243,0.2516246947206,0.498793293731156
0,0.249958306080067,0.252030681366413,0.49801101255352
0,0.250354917494451,0.252457889040867,0.497187193464681
0,0.250791500400334,0.252927821583582,0.496280678016084
0,0.251129525978526,0.253291083361134,0.49557939066034
0,0.2516246947206,0.253822835804398,0.494552469475002
0,0.251905842505304,0.254124277681401,0.493969879813295
0,0.252457889040867,0.254715732920599,0.492826378038534
0,0.25268387256228,0.254957472001668,0.492358655436052
0,0.253291083361134,0.255606521717041,0.491102394921825
0,0.25346362162163,0.255790666321935,0.490745712056435
0,0.254124277681401,0.256495210873764,0.489380511444835
0,0.254245095142258,0.256623860642202,0.48913104421554
0,0.254957472001668,0.257381808968031,0.487660719030301
0,0.255028298571839,0.257457054962469,0.487514646465692
0,0.255790666321935,0.258266324476334,0.485943009201731
0,0.255813237348884,0.258290249282736,0.485896513368381
0,0.256600018562041,0.259123443603002,0.484276537834956
0,0.256623860642202,0.259148668579188,0.484227470778611
0,0.257388632202715,0.259956637923269,0.482654729874016
0,0.257457054962469,0.260028862343511,0.482514082694021
0,0.258178987298766,0.260789832243536,0.481031180457698
0,0.258290249282736,0.260907005617259,0.480802745100006
0,0.258971089428225,0.261623026563803,0.479405884007972
0,0.259123443603002,0.261783106487858,0.479093449909139
0,0.259764944169914,0.26245622088407,0.477778834946016
0,0.259956637923269,0.262657172953295,0.477386189123436
0,0.260560557105607,0.263289415204337,0.476150027690056
0,0.260789832243536,0.26352921292394,0.475680954832524
0,0.2613579338222,0.264122609524604,0.474519456653196
0,0.261623026563803,0.264399234224355,0.473977739211842
0,0.262157079913897,0.264955803844871,0.472887116241233
0,0.26245622088407,0.265267244595073,0.472276534520857
0,0.262958000984412,0.265788998165138,0.47125300085045
0,0.263289415204337,0.266133251694365,0.470577333101298
0,0.263760702649197,0.266622192485404,0.469617104865399
0,0.264122609524604,0.266997263099986,0.46888012737541
0,0.264565190537676,0.267455386805671,0.467979422656653
0,0.264955803844871,0.267859286310899,0.46718490984423
0,0.265371470295508,0.268288581125938,0.466339948578554
0,0.265788998165138,0.268719328748989,0.465491673085873
0,0.266179547586868,0.269121775446205,0.464698676966927
0,0.266622192485404,0.269577397760758,0.463800409753838
0,0.266989428096748,0.269954969766472,0.46305560213678
0,0.267455386805671,0.270433500619006,0.462111112575323
0,0.26780111753328,0.270788164086739,0.461410718379981
0,0.268288581125938,0.271287644524501,0.460423774349561
0,0.268614621630085,0.271621358407006,0.459764019962909
0,0.269121775446205,0.272139836607633,0.458738387946162
0,0.269429946148643,0.272454552727273,0.458115501124084
0,0.269954969766472,0.272990083930056,0.457054946303472
0,0.270247096880694,0.27328774704754,0.456465156071766
0,0.270788164086739,0.273838393486328,0.455373442426934
0,0.271066079650656,0.274120941367807,0.454812978981537
0,0.271621358407006,0.274684772205526,0.453693869387468
0,0.27188690031808,0.274954135688073,0.453158963993847
0,0.272454552727273,0.27552922695287,0.452016220319857
0,0.272709564780128,0.27578733000834,0.451503105211532
0,0.27328774704754,0.276371764531325,0.450340488421135
0,0.273534078974084,0.276620524328607,0.449845396697309
0,0.274120941367807,0.277212391683203,0.44866666694899
0,0.274360448879892,0.277453718648874,0.448185832471234
0,0.274954135688073,0.278051115091759,0.446994749220167
0,0.275188680522731,0.278286912969141,0.446524406508128
0,0.27578733000834,0.278887941382778,0.445324728608882
0,0.276018779975622,0.279120107289408,0.44486111273497
0,0.276620524328607,0.279722877126163,0.44365659854523
0,0.276850753362065,0.279953301609675,0.44319594502826
0,0.277453718648874,0.280555928837514,0.441990352513612
0,0.277684606858722,0.280786495929942,0.441528897211337
0,0.278286912969141,0.281387102979712,0.440325984051147
0,0.278520346698126,0.281619690250208,0.439859963051666
0,0.279120107289408,0.282216405964492,0.4386634867461
0,0.279357979171439,0.282452884570475,0.438189136258085
0,0.279953301609675,0.283043844154022,0.437002854236303
0,0.280197510631248,0.283286078890742,0.43651641047801
0,0.280786495929942,0.283869423862479,0.435344080207579
0,0.281038947494394,0.284119273211009,0.434841779294596
0,0.281619690250208,0.284693151357629,0.433687158392162
0,0.281882296244862,0.284952467531276,0.433165236223862
0,0.282452884570475,0.285515032862404,0.432032082567121
0,0.282727563436697,0.285785661851543,0.43148677471176
0,0.283286078890742,0.286335074556483,0.430378846552775
0,0.283574755696984,0.28661885617181,0.429806388131206
0,0.284119273211009,0.28715328257788,0.428727444211111
0,0.284423879728866,0.287452050492077,0.428124069779057
0,0.284952467531276,0.287969663024531,0.427077869444193
0,0.285274942314615,0.288285244812344,0.426439812873041
0,0.285785661851543,0.28878422195589,0.425430116192567
0,0.286127950318757,0.28911843913261,0.424753610548632
0,0.28661885617181,0.289596965394524,0.423784178433666
0,0.286982910691253,0.289951633452877,0.42306545585587
0,0.287452050492077,0.290407899327726,0.422140050180197
0,0.287839830470729,0.290784827773144,0.421375341756127
0,0.288285244812344,0.291217029709123,0.420497725478533
0,0.288698716787773,0.291618022093411,0.419683261118816
0,0.28911843913261,0.2920243624603,0.418857198407089
0,0.28955957686829,0.292451216413678,0.417989206718032
0,0.289951633452877,0.29282990347243,0.417218463074693
0,0.290422418036916,0.293284410733945,0.416293171229139
0,0.290784827773144,0.293633658607914,0.415581513618942
0,0.291287247720504,0.294117605054212,0.414595147225284
0,0.291618022093411,0.294435633702032,0.413946344204557
0,0.292154073451669,0.294950799374479,0.412895127173853
0,0.292451216413678,0.295235834564605,0.412312949021716
0,0.293022902872412,0.295783993694746,0.411193103432843
0,0.293284410733945,0.296034266981672,0.410681322284384
0,0.293893743737812,0.296617188015012,0.409489068247176
0,0.294117605054212,0.296830936717169,0.409051458228619
0,0.294766603919792,0.297450382335279,0.407783013744928
0,0.294950799374479,0.297625849514642,0.40742335111088
0,0.295641491410971,0.298283576655546,0.406074931933483
0,0.295783993694746,0.298419011098951,0.405796995206304
0,0.296518414328582,0.299116770975813,0.404364814695605
0,0.296617188015012,0.299210427178009,0.404172384806979
0,0.297397380918492,0.29994996529608,0.402652653785428
0,0.297450382335279,0.300000103444526,0.402549514220195
0,0.298278399559299,0.300783159616347,0.400938440824354
0,0.298283576655546,0.300788045577773,0.40092837776668
0,0.299116770975813,0.301574074163269,0.399309154860918
0,0.299161599211697,0.301616353936614,0.399222046851689
0,0.29994996529608,0.302358349540448,0.397691685163472
0,0.300046884695684,0.302449548256881,0.397503567047436
0,0.300783159616347,0.303140898692389,0.396075941691264
0,0.30093425054481,0.303282742577148,0.395783006878043
0,0.301616353936614,0.303921727182868,0.394461918880518
0,0.301823705544853,0.304115936897415,0.394060357557732
0,0.302449548256881,0.304700840569421,0.392849611173698
0,0.302715258634969,0.304949131217681,0.39233561014735
0,0.303282742577148,0.305478244405208,0.391239013017645
0,0.303608918912327,0.305782325537948,0.390608755549725
0,0.304115936897415,0.3062539442409,0.389630118861685
0,0.304504695636857,0.306615519858215,0.388879784504928
0,0.304949131217681,0.307027945626593,0.388022923155725
0,0.305402598236112,0.307448714178482,0.387148687585406
0,0.305782325537948,0.307800254113738,0.386417420348314
0,0.306302636310253,0.308281908498749,0.385415455190998
0,0.306615519858215,0.308570875257103,0.384813604884682
0,0.307204819637154,0.309115102819016,0.38368007754383
0,0.307448714178482,0.30933981461676,0.383211471204758
0,0.30810915817764,0.309948297139283,0.381942544683078
0,0.308281908498749,0.310107077760098,0.381611013741153
0,0.309015662080854,0.31078149145955,0.380202846459596
0,0.309115102819016,0.310872670263864,0.38001222691712
0,0.309924341689775,0.311614685779816,0.378460972530408
0,0.309948297139283,0.311636597716235,0.378415105144482
0,0.31078149145955,0.312398639548509,0.376819868991941
0,0.310835329347761,0.312447880100083,0.376716790552156
0,0.311614685779816,0.313158916695113,0.37522639752507
0,0.311748569232899,0.31328107442035,0.374970356346751
0,0.312447880100083,0.313917535419768,0.373634584480149
0,0.312664017070647,0.314114268740617,0.373221714188736
0,0.31328107442035,0.31467450127039,0.37204442430926
0,0.313581683849425,0.314947463060884,0.371470853089691
0,0.314114268740617,0.315429819814902,0.370455911444481
0,0.314501580779134,0.315780657381151,0.369717761839715
0,0.314947463060884,0.316183496643468,0.368869040295648
0,0.315423719297539,0.316613851701418,0.367962429001043
0,0.315780657381151,0.316935537370768,0.367283805248081
0,0.316348111076833,0.317447046021685,0.366204842901482
0,0.316613851701418,0.317685947638302,0.36570020066028
0,0.317274768030389,0.318280240341952,0.36444499162766
0,0.317447046021685,0.318434733116742,0.364118220861573
0,0.318203702319699,0.319113434662219,0.362682863018082
0,0.318280240341952,0.319181899508316,0.362537860149733
0,0.319113434662219,0.319927360696168,0.360959204641613
0,0.31913496844002,0.319946628982485,0.360918402577495
0,0.319946628982485,0.320670876561011,0.359382494456503
0,0.3200686875826,0.320779823302752,0.359151489114648
0,0.320779823302752,0.321412779412578,0.357807397284669
0,0.321004720271208,0.321613017623019,0.357382262105773
0,0.321613017623019,0.322153074974252,0.356233907402728
0,0.321943079522693,0.322446211943286,0.355610708534021
0,0.322446211943286,0.322891769010952,0.354662019045762
0,0.322883778636888,0.323279406263553,0.353836815099559
0,0.323279406263553,0.323628867331736,0.353091726404711
0,0.323826831204798,0.32411260058382,0.352060568211383
0,0.32411260058382,0.324364375792461,0.35152302362372
0,0.324772251117018,0.324945794904087,0.350281953978895
0,0.324945794904087,0.325098300298478,0.349955904797435
0,0.325720052572443,0.325778989224354,0.348500958203203
0,0.325778989224354,0.32583064680739,0.348390363968257
0,0.32661218354462,0.32656116933349,0.346826647121889
0,0.32667034728764,0.32661218354462,0.346717469167739
0,0.327445377864887,0.327289858408289,0.345264763726824
0,0.327623149988379,0.327445377864887,0.344931472146734
0,0.328278572185154,0.32801697536121,0.343704452453636
0,0.328578375104127,0.328278572185154,0.343143052710719
0,0.329111766505421,0.328742526234715,0.342145707259864
0,0.329536037921069,0.329111766505421,0.34135219557351
0,0.329944960825688,0.329466517135119,0.340588522039192
0,0.330496154077454,0.329944960825688,0.339558885096858
0,0.330778155145955,0.330188954235626,0.339032890618419
0,0.331458739573985,0.330778155145955,0.33776310528006
0,0.331611349466222,0.330909843779417,0.337478806754361
0,0.332423810784561,0.331611349466222,0.335964839749217
0,0.332444543786489,0.331629192082805,0.335926264130707
0,0.333277738106756,0.332346504845732,0.334375757047512
0,0.333391545359484,0.332444543786489,0.334163910854027
0,0.334110932427023,0.333062184768253,0.332826882804725
0,0.334361824371414,0.333277738106756,0.33236043752183
0,0.334944126747289,0.333776329411246,0.331279543841464
0,0.335334635095599,0.334110932427023,0.330554432477378
0,0.335777321067556,0.334488945240621,0.329733733691823
0,0.33630999524326,0.334944126747289,0.328745878009451
0,0.336610515387823,0.335200038808805,0.328189445803372
0,0.337287922953074,0.335777321067556,0.32693475597937
0,0.33744370970809,0.33590961675824,0.32664667353367
0,0.33826843680418,0.336610515387823,0.325121047807997
0,0.338276904028357,0.336617685824955,0.325105410146689
0,0.339110098348624,0.337323620622227,0.323566281029149
0,0.339251723320846,0.33744370970809,0.323304566971064
0,0.339943292668891,0.338028008169351,0.322028699161758
0,0.340237637890111,0.338276904028357,0.321485458081532
0,0.340776486989158,0.338730893080459,0.320492619930383
0,0.341226189891224,0.339110098348624,0.319663711760153
0,0.341609681309424,0.339432282304904,0.318958036385672
0,0.342217399499931,0.339943292668891,0.317839307831178
0,0.342442875629691,0.340132182900867,0.317424941469442
0,0.343211287398403,0.340776486989158,0.31601222561244
0,0.343276069949958,0.340830602039337,0.315893328010704
0,0.344109264270225,0.341527100424016,0.314363635305759
0,0.344207971454472,0.341609681309424,0.314182347236103
0,0.344942458590492,0.342221823883582,0.312835717525926
0,0.345207433915586,0.342442875629691,0.312349690454722
0,0.345775652910759,0.342915072526169,0.311309274563072
0,0.346209631051573,0.343276069949958,0.310514298998468
0,0.346608847231026,0.343606853796148,0.309784298972826
0,0.347214585395646,0.344109264270225,0.308676150334129
0,0.347442041551293,0.344297175267775,0.308260783180932
0,0.348222320065583,0.344942458590492,0.306835221343925
0,0.34827523587156,0.344986044649642,0.306738719478799
0,0.349108430191827,0.345672898395263,0.305218671412911
0,0.34923295475363,0.345775652910759,0.304991392335612
0,0.349941624512093,0.346358056908708,0.303700318579198
0,0.350246450177694,0.346608847231026,0.30314470259128
0,0.35077481883236,0.347041770571471,0.302183410596169
0,0.351262788298061,0.347442041551293,0.301295170150646
0,0.351608013152627,0.347724047433164,0.300667939414209
0,0.352281994385979,0.34827523587156,0.299442769742461
0,0.352441207472894,0.34840489569694,0.299153896830166
0,0.353274401793161,0.349084185677918,0.297641412528921
0,0.353304111975957,0.349108430191827,0.297587457832216
0,0.354107596113428,0.349761307872011,0.296131096014561
0,0.354329238210052,0.349941624512093,0.295729137277854
0,0.354940790433695,0.350437009295314,0.294622200270991
0,0.355357300077533,0.35077481883236,0.293867881090107
0,0.355773984753962,0.351111298552323,0.293114716693715
0,0.356388325279969,0.351608013152627,0.292003661567403
0,0.356607179074229,0.351784184422257,0.291608636503515
0,0.357422342283054,0.352441207472894,0.290136450244052
0,0.357440373394495,0.352455675864573,0.290103950740932
0,0.358273567714762,0.353124904979906,0.288601527305332
0,0.358459449416656,0.353274401793161,0.288266148790183
0,0.359106762035029,0.353792654372488,0.287100583592483
0,0.359499600951835,0.354107596113428,0.286392802934737
0,0.359939956355296,0.354459018202653,0.285601025442051
0,0.360542819973888,0.354940790433695,0.284516389592417
0,0.360773150675563,0.355124005915901,0.284102843408536
0,0.36158913780034,0.355773984753962,0.282636877445698
0,0.36160634499583,0.355787627161983,0.282606027842187
0,0.362439539316097,0.356448939626874,0.281111521057029
0,0.362638622845017,0.356607179074229,0.280754198080754
0,0.363272733636364,0.357108803363678,0.279618462999958
0,0.363691259750002,0.357440373394495,0.278868366855503
0,0.36410592795663,0.357767310479394,0.278126761563975
0,0.364747078311526,0.358273567714762,0.276979353973712
0,0.364939122276897,0.358424471185976,0.276636406537127
0,0.365772316597164,0.359080132397419,0.275147551005417
0,0.365806113950839,0.359106762035029,0.275087124014132
0,0.366605510917431,0.359733520265836,0.273660968816732
0,0.366868396038083,0.359939956355296,0.273191647606621
0,0.367438705237698,0.360385572365419,0.272175722396883
0,0.367933948269322,0.360773150675563,0.271292901055115
0,0.368271899557965,0.361036299533094,0.270691800908941
0,0.369002807791525,0.36160634499583,0.269390847212645
0,0.369105093878232,0.361685712858823,0.269209193262946
0,0.369938288198499,0.362333152635806,0.267728559165696
0,0.37007498890173,0.362439539316097,0.267485471782173
0,0.370771482518766,0.362978778255829,0.266249739225405
0,0.371150521070186,0.363272733636364,0.26557674529345
0,0.371604676839032,0.363623102032345,0.264772221128623
0,0.372229458103118,0.36410592795663,0.263664613940252
0,0.372437871159299,0.364266135772656,0.263295993068045
0,0.373271065479566,0.364907688989189,0.261821245531245
0,0.373311827322302,0.364939122276897,0.261749050400801
0,0.374104259799833,0.365546920173085,0.260348820027082
0,0.374397600572678,0.365772316597164,0.259830082830158
0,0.3749374541201,0.366184874422557,0.258877671457343
0,0.375486883474769,0.366605510917431,0.2579076056078
0,0.375770648440367,0.366821564338864,0.257407787220769
0,0.376579720552789,0.367438705237698,0.255981574209513
0,0.376603842760634,0.367457002835566,0.2559391544038
0,0.377437037080901,0.36808999708744,0.25447296583166
0,0.377676025011129,0.368271899557965,0.254052075430906
0,0.378270231401168,0.368721620013451,0.253008148585381
0,0.378775939584831,0.369105093878232,0.252118966536938
0,0.379103425721435,0.3693520064429,0.251544567835665
0,0.379879524800085,0.369938288198499,0.250182187001417
0,0.379936620041701,0.369981170196565,0.250082209761733
0,0.380769814361968,0.370608016678661,0.24862216895937
0,0.380986671454052,0.370771482518766,0.248241846027182
0,0.381603008682235,0.371233351507842,0.247163639809923
0,0.382097523067618,0.371604676839032,0.24629780009335
0,0.382436203002502,0.371857480069789,0.245706316927709
0,0.383212171162277,0.372437871159299,0.244349957678424
0,0.383269397322769,0.372480417187118,0.244250185490113
0,0.384102591643036,0.373100997271469,0.242796411085496
0,0.384330460917005,0.373271065479566,0.242398473603429
0,0.384935785963303,0.373720093005214,0.241344121031483
0,0.385452576946579,0.374104259799833,0.240443163253588
0,0.38576898028357,0.374338015378767,0.239893004337663
0,0.386578625804158,0.3749374541201,0.238483920075742
0,0.386602174603837,0.374954780320616,0.238443045075547
0,0.387435368924103,0.375568969967096,0.236995661108801
0,0.387708364265236,0.375770648440367,0.236520987294397
0,0.38826856324437,0.376181882210383,0.235549554545246
0,0.388842096921536,0.376603842760634,0.23455406031783
0,0.389101757564637,0.376793656992455,0.234104585442908
0,0.389934951884904,0.37740407289226,0.232660975222836
0,0.389979854306521,0.377437037080901,0.232583108612578
0,0.390768146205171,0.378011980997336,0.231219872797493
0,0.391121409073811,0.378270231401168,0.230608359525021
0,0.391601340525438,0.378618772875129,0.229779886599433
0,0.392267138692866,0.379103425721435,0.228629435585699
0,0.392434534845705,0.379224466530074,0.228340998624221
0,0.393267729165972,0.379828276454312,0.226903994379717
0,0.393416893754508,0.379936620041701,0.22664648620379
0,0.394100923486239,0.380430094332209,0.225468982181553
0,0.394570687654244,0.380769814361968,0.224659497983788
0,0.394934117806505,0.381030837505829,0.224035044687665
0,0.395728826550966,0.381603008682235,0.222668164766799
0,0.395767312126772,0.381630525419761,0.222602162453467
0,0.396600506447039,0.382227589601326,0.221171903951635
0,0.396890901003278,0.382436203002502,0.22067289599422
0,0.397433700767306,0.382823394578222,0.219742904654472
0,0.398057366509672,0.383269397322769,0.218673236167559
0,0.398266895087573,0.383418170376357,0.21831493453607
0,0.39910008940784,0.384011229117337,0.216888681474823
0,0.399228129413049,0.384102591643036,0.216669278943915
0,0.399933283728107,0.384602110340408,0.215464605931485
0,0.40040308839741,0.384935785963303,0.214661125639287
0,0.400766478048374,0.385191990211395,0.214041531740231
0,0.401582697549081,0.38576898028357,0.212648322167349
0,0.40159967236864,0.385780890893175,0.212619436738185
0,0.402432866688907,0.386366960152028,0.211200173159064
0,0.40276635837414,0.386602174603837,0.210631467022024
0,0.403266061009174,0.386951962808155,0.209781976182671
0,0.403954761102236,0.387435368924103,0.208609869973661
0,0.404099255329441,0.387536017197987,0.208364727472571
0,0.404932449649708,0.388117922527951,0.206949627822341
0,0.405147551909594,0.38826856324437,0.206583884846036
0,0.405765643969975,0.388698069457871,0.205536286572154
0,0.406344938671411,0.389101757564637,0.204553303763952
0,0.406598838290242,0.389277301173874,0.204123860535884
0,0.407432032610509,0.3898549795568,0.202712987832691
0,0.407547054738698,0.389934951884904,0.202517993376398
0,0.408265226930776,0.390430295299341,0.201304477769883
0,0.408753625909997,0.390768146205171,0.200478227884832
0,0.409098421251043,0.391004731183558,0.199896847565399
0,0.409931615571309,0.391578117352747,0.198490267075944
0,0.409965263944594,0.391601340525438,0.198433395529968
0,0.410764809891576,0.392148629794265,0.197086560314159
0,0.411181230830349,0.392434534845705,0.196384234323946
0,0.411598004211843,0.392718300225174,0.195683695562983
0,0.412402509304723,0.393267729165972,0.194329761529305
0,0.41243119853211,0.393287157030686,0.194281644437204
0,0.413264392852377,0.393853067242699,0.192882539904924
0,0.41362817517328,0.394100923486239,0.192270901340481
0,0.414097587172644,0.394418006475935,0.191484406351421
0,0.414859240611071,0.394934117806505,0.190206641582424
0,0.414930781492911,0.394982174298906,0.190087044208183
0,0.415763975813178,0.395543607343763,0.188692416843059
0,0.416094895978399,0.395767312126772,0.188137791894829
0,0.416597170133444,0.396103853884637,0.187298975981918
0,0.417335996804271,0.396600506447039,0.18606349674869
0,0.417430364453711,0.396663374282273,0.185906261264015
0,0.418263558773978,0.397220255807589,0.184516185418433
0,0.418581847392892,0.397433700767306,0.183984451839802
0,0.419096753094245,0.397775852819562,0.183127394086193
0,0.419833248151723,0.398266895087573,0.181899856760704
0,0.419929947414512,0.398330772265841,0.181739280319647
0,0.420763141734779,0.398883025025561,0.18035383323966
0,0.42108950276439,0.39910008940784,0.17981040782777
0,0.421596336055046,0.39943402077952,0.178969643165434
0,0.422351486012709,0.399933283728107,0.177715230259184
0,0.422429530375313,0.399984391140254,0.177586078484433
0,0.42326272469558,0.400531934807163,0.176205340497258
0,0.423618357073558,0.400766478048374,0.175615164878068
0,0.424095919015847,0.401078383177159,0.174825697806995
0,0.424891225563637,0.40159967236864,0.173509102067722
0,0.424929113336113,0.401624262235004,0.173446624428882
0,0.42576230765638,0.402167013193229,0.172070679150391
0,0.426168929774566,0.402432866688907,0.171398203536527
0,0.426595501976647,0.402708974205328,0.170695523818024
0,0.427428696296914,0.403250269646361,0.169321034056725
0,0.427452909077113,0.403266061009174,0.169281029913713
0,0.428261890617181,0.403788297357257,0.167949812025562
0,0.428741768127314,0.404099255329441,0.167158976543245
0,0.429095084937448,0.404325837799331,0.166579077263221
0,0.429928279257715,0.404862220389909,0.165209500352376
0,0.43003693301609,0.404932449649708,0.165030617334202
0,0.430761473577982,0.40539583460864,0.163842691813378
0,0.431337451125184,0.405765643969975,0.162896904904841
0,0.431594667898249,0.405929028710328,0.162476303391423
0,0.432427862218515,0.406460405645304,0.161111732136181
0,0.432644028987849,0.406598838290242,0.160757132721909
0,0.433261056538782,0.406989683514386,0.159749259946832
0,0.433956594147401,0.407432032610509,0.15861137324209
0,0.434094250859049,0.407518613708191,0.15838713543276
0,0.434927445179316,0.40804488794565,0.157027666875034
0,0.435274819771892,0.408265226930776,0.156459953297332
0,0.435760639499583,0.408569915159173,0.155669445341244
0,0.43659383381985,0.409094631735886,0.154311534444264
0,0.436599823812344,0.409098421251043,0.154301754936613
0,0.437427028140117,0.409615742861628,0.152957228998255
0,0.4379299716254,0.409931615571309,0.15213841280329
0,0.438260222460384,0.410136614567671,0.151603162971946
0,0.439093416780651,0.410656086917695,0.150250496301655
0,0.439266996014775,0.410764809891576,0.149968194093648
0,0.439926611100917,0.411173060496716,0.148900328402367
0,0.440610201289398,0.411598004211843,0.147791794498758
0,0.440759805421184,0.411689882318021,0.147550312260795
0,0.441592999741451,0.412204001244216,0.146202999014333
0,0.441959500806736,0.41243119853211,0.145609300661154
0,0.442426194061718,0.412716947188145,0.144856858750137
0,0.443259388381985,0.413229427819514,0.143511183798501
0,0.443315947119702,0.413264392852377,0.143419660027921
0,0.444092582702252,0.413738487049285,0.142168930248463
0,0.44467812763211,0.414097587172644,0.141224285195246
0,0.444925777022519,0.414247527452143,0.140826695525338
0,0.445758971342786,0.41475449339878,0.139486535258434
0,0.446047246040158,0.414930781492911,0.139021972466932
0,0.446592165663053,0.415259675674004,0.138148158662943
0,0.447423738357234,0.415763975813178,0.136812285829589
0,0.447425359983319,0.415764946220567,0.136809693796114
0,0.448258554303586,0.416266273102793,0.13547517259362
0,0.448805815635328,0.416597170133444,0.134597014231228
0,0.449091748623853,0.416767719841875,0.134140531534271
0,0.44992494294412,0.417267312324644,0.132807744731236
0,0.450195405743842,0.417430364453711,0.132374229802447
0,0.450758137264387,0.417764927797,0.131476934938613
0,0.451591331584654,0.418262786475712,0.130145881939634
0,0.451592616377683,0.418263558773978,0.130143824848339
0,0.452424525904921,0.418756563330614,0.128818910764465
0,0.452995614032662,0.419096753094245,0.127907632873093
0,0.453257720225188,0.419250643693434,0.127491636081378
0,0.454090914545454,0.419742620248878,0.126166465205667
0,0.454406352239972,0.419929947414512,0.125663700345516
0,0.454924108865721,0.420232907282708,0.124842983851571
0,0.455757303185988,0.420723092937553,0.123519603876458
0,0.45582494618331,0.420763141734779,0.123411912081912
0,0.456590497506255,0.421209581777322,0.122199920716423
0,0.457250090226609,0.421596336055046,0.121153573718346
0,0.457423691826522,0.421696570518747,0.120879737654731
0,0.458256886146789,0.422180662367059,0.119562451486152
0,0.458682687559118,0.422429530375313,0.118887782065569
0,0.459090080467056,0.422663909321984,0.11824601021096
0,0.459923274787323,0.423146144852851,0.116930580359827
0,0.46012337656094,0.42326272469558,0.11661389874348
0,0.46075646910759,0.423625648361937,0.115617882530473
0,0.461572103931341,0.424095919015847,0.114331977052812
0,0.461589663427857,0.424105877829026,0.114304458743118
0,0.462422857748123,0.424581784431566,0.112995357820311
0,0.463027322927194,0.424929113336113,0.112043563736692
0,0.46325605206839,0.425058340568369,0.111685607363241
0,0.464089246388657,0.425532314973891,0.110378438637452
0,0.464490873240779,0.42576230765638,0.109746819102841
0,0.464922440708924,0.42600520031028,0.109072358980796
0,0.465755635029191,0.426477238097788,0.107767126873021
0,0.465962856596088,0.426595501976647,0.107441641427265
0,0.466588829349458,0.426946455766402,0.10646471488414
0,0.467422023669725,0.427416552593535,0.10516142373674
0,0.467443373956158,0.427428696296914,0.105127929746928
0,0.468255217989992,0.427882106355352,0.103862675654656
0,0.468930855053072,0.428261890617181,0.102807254329747
0,0.469088412310259,0.42834882061562,0.102562767074122
0,0.469921606630525,0.42881215221982,0.101266241149654
0,0.470426796792775,0.429095084937448,0.100478118269777
0,0.470754800950792,0.429275300078543,0.0999698989706647
0,0.471587995271059,0.429736594243641,0.0986754104852994
0,0.471931519208943,0.429928279257715,0.0981402015333427
0,0.472421189591326,0.430196185786339,0.0973826246223345
0,0.473254383911593,0.430655434068856,0.0960901820195509
0,0.473445121353784,0.430761473577982,0.0957934050682348
0,0.47408757823186,0.431111480477463,0.0948009412906772
0,0.474920772552127,0.431568674112761,0.0935105533351119
0,0.474967701395019,0.431594667898249,0.0934376307067322
0,0.475753966872394,0.432021187741222,0.0922248453863848
0,0.476498228953117,0.432427862218515,0.0910739088283678
0,0.476587161192661,0.432475430040291,0.0909374087670483
0,0.477420355512927,0.432925312043917,0.0896543324431555
0,0.478037328350972,0.433261056538782,0.088701615110246
0,0.478253549833194,0.433376160005603,0.0883702901612032
0,0.479086744153461,0.433823858756601,0.0870893970899376
0,0.479585678267985,0.434094250859049,0.0863200708729662
0,0.479919938473728,0.434271334921853,0.0858087266044193
0,0.480753132793995,0.434716834184808,0.0845300330211969
0,0.481143378113032,0.434927445179316,0.0839291767076518
0,0.481586327114262,0.435160963232662,0.0832527096530765
0,0.482419521434529,0.43560424560071,0.0819762329647616
0,0.482710526859305,0.435760639499583,0.0815288336411118
0,0.483252715754796,0.436045054556644,0.0807022296885601
0,0.484085910075062,0.436486101278265,0.0794279886466729
0,0.484287223120847,0.43659383381985,0.0791189430593031
0,0.484919104395329,0.43692361975425,0.0781572758504203
0,0.485752298715596,0.437362410532071,0.0768852907523329
0,0.485873565259339,0.437427028140117,0.0766994066005443
0,0.486585493035863,0.437796671004591,0.0756178359595462
0,0.48741868735613,0.438233183760823,0.0743481288830466
0,0.487469651529326,0.438260222460384,0.0742701260102902
0,0.488251881676397,0.438664221894643,0.0730838964289605
0,0.489075410845541,0.439093416780651,0.0718311723738089
0,0.489085075996664,0.439098316584397,0.0718166074189387
0,0.489918270316931,0.439526287523913,0.0705554421591568
0,0.490690327637404,0.439926611100917,0.0693830612616786
0,0.490751464637198,0.439957414348711,0.0692911210140919
0,0.491584658957465,0.440382884628504,0.0680324564140312
0,0.492315387871534,0.440759805421184,0.0669248067072817
0,0.492417853277731,0.440811103784922,0.0667710429373468
0,0.493251047597998,0.441234031729739,0.0655149206722632
0,0.493950713229997,0.441592999741451,0.0644562870285514
0,0.494084241918265,0.441659410011337,0.064256348070398
0,0.494917436238532,0.442079749314065,0.0630028144474029
0,0.495596430631886,0.442426194061718,0.0619773753063962
0,0.495750630558799,0.442502361092987,0.0617470083482143
0,0.496583824879066,0.44292006005319,0.0604961150677439
0,0.497252673765683,0.443259388381985,0.0594879378523318
0,0.497417019199333,0.44333998846681,0.0592429923338568
0,0.4982502135196,0.443754989076346,0.0579947974040545
0,0.498919585075445,0.444092582702252,0.0569878322223033
0,0.499083407839867,0.444172327473031,0.0567442646871027
0,0.499916602160133,0.44458456431082,0.0554988335290463
0,0.500597318355953,0.444925777022519,0.0544769046215283
0,0.5007497964804,0.444999418026204,0.0542507854933955
0,0.501582990800667,0.445408816912799,0.0530081922865333
0,0.502286042175224,0.445758971342786,0.0519549864819908
0,0.502416185120934,0.445821305471995,0.0517625094070707
0,0.503249379441201,0.446227781819056,0.0505228387397432
0,0.503985944436425,0.446592165663053,0.0494218899005223
0,0.504082573761468,0.446638041693916,0.0492793845446161
0,0.504915768081735,0.44704149846238,0.0480427334558856
0,0.505697238532701,0.447425359983319,0.0468774014839792
0,0.505748962402002,0.447449686560917,0.0468013510370808
0,0.506582156722269,0.447850011711925,0.0455678315658062
0,0.507415351042536,0.448256223435971,0.0443284255214936
0,0.507420019236112,0.448258554303586,0.0443214264603017
0,0.508248545362802,0.448653373127178,0.04309808151002
0,0.509081739683069,0.449056615424804,0.0418616448921265
0,0.509152558600613,0.449091748623853,0.0417556927755343
0,0.509914934003336,0.449451642656545,0.0406334233401187
0,0.510748128323603,0.449851788918339,0.0394000827580576
0,0.510896603967463,0.44992494294412,0.0391784530884171
0,0.51158132264387,0.450244890977999,0.0381737863781312
0,0.512414516964137,0.450641790230702,0.0369436928051613
0,0.512652411055057,0.450758137264387,0.0365894516805559
0,0.513247711284404,0.451033202786077,0.0357190859295196
0,0.514080905604671,0.451426673201858,0.0344924211934719
0,0.514420298615273,0.451591331584654,0.0339883698000731
0,0.514914099924937,0.451816681506245,0.033269218568818
0,0.515747294245204,0.452206501642484,0.0320462041123116
0,0.516200676986429,0.452424525904921,0.03137479710865
0,0.516580488565471,0.452595456218753,0.0308240552157762
0,0.517413682885738,0.452981352969306,0.0296049641449557
0,0.517994092826345,0.453257720225188,0.0287481869484674
0,0.518246877206005,0.453369692105366,0.0283834306886291
0,0.519080071526272,0.453751323770025,0.0271686047037029
0,0.519801301766766,0.454090914545454,0.0261077836877799
0,0.519913265846539,0.454139606707178,0.0259471274462831
0,0.520746460166806,0.454516538612261,0.024737001220933
0,0.521579654487073,0.454904124241909,0.0235162212710181
0,0.521620615823825,0.454924108865721,0.0234552753104537
0,0.52241284880734,0.455277164544254,0.022309986648406
0,0.523246043127606,0.455660364785462,0.0210935920869317
0,0.523446600162774,0.455757303185988,0.0207960966512375
0,0.524079237447873,0.456033436100499,0.0198873264516277
0,0.52491243176814,0.456411630231183,0.018675938000677
0,0.525286670857427,0.456590497506255,0.0181228316363179
0,0.525745626088407,0.456785700915887,0.0174686729957062
0,0.526578820408674,0.457158012106181,0.0162631674851456
0,0.527142568022852,0.457423691826522,0.0154337401506264
0,0.527412014728941,0.457534508926058,0.0150534763450011
0,0.528245209049208,0.457899644014757,0.0138551469360352
0,0.529017519338906,0.458256886146789,0.0127255945143049
0,0.529078403369475,0.458280802957083,0.0126407936734422
0,0.529911597689741,0.458636744508004,0.0114516578022545
0,0.530744792010008,0.459014989709394,0.0102402182805976
0,0.530892797701636,0.459090080467056,0.0100171218313079
0,0.531577986330275,0.459369728021756,0.00905228564796884
0,0.532411180650542,0.459739020843818,0.00784979850563994
0,0.532775523669619,0.459923274787323,0.00730120154305852
0,0.533244374970809,0.46009955537818,0.00665606965101068
0,0.534077569291076,0.46045390469839,0.00546852601053394
0,0.534679897896871,0.46075646910759,0.0045636329955393
0,0.534910763611343,0.460829266807725,0.00425996958093244
0,0.53574395793161,0.461149762935771,0.00310627913261946
0,0.536577152251877,0.461556777648473,0.00186607009965029
0,0.536606998743598,0.461589663427857,0.00180333782854553
0,0.537410346572143,0.461674236578005,0.000915416849851303
0,0.537757955988417,0.46207524833185,0.000166795679733156
