residual,phi1,phi3,phi2
0,0.987059455086599,0.0127737492336679,0.000166795679733163
0,0.986502085195997,0.0125610118658203,0.000936902938182991
0,0.98566889087573,0.0126724234548626,0.00165868566940769
0,0.984835696555463,0.0127047291930705,0.00245957425146664
0,0.984002502235196,0.0127192773156589,0.00327822044914503
0,0.983169307914929,0.0127270135170176,0.00410367856805329
0,0.982336113594662,0.012731423070051,0.00493246333528677
0,0.981502919274395,0.0127339615953342,0.00576311913027054
0,0.980669724954128,0.0127353447675813,0.00659493027829033
0,0.979836530633861,0.0127359654845845,0.00742750388155408
0,0.979003336313595,0.0127360574035838,0.00826060628282151
0,0.978170141993328,0.0127357681980431,0.00909408980862903
0,0.977336947673061,0.012735195780705,0.00992785654623411
0,0.976503753352794,0.0127344076376822,0.0107618390095238
0,0.975670559032527,0.0127334517980389,0.011595989169434
0,0.97483736471226,0.0127323633767808,0.012430271910959
0,0.974004170391993,0.0127311686439156,0.0132646609640912
0,0.973170976071726,0.0127298876461932,0.0140991362820804
0,0.97233778175146,0.0127285359485088,0.0149336823000316
0,0.971504587431193,0.0127271258215617,0.0157682867472457
0,0.970671393110926,0.0127256670708607,0.0166029398182134
0,0.969838198790659,0.0127241676273813,0.0174376335819599
0,0.969005004470392,0.0127226339761657,0.0182723615534423
0,0.968171810150125,0.0127210714724731,0.0191071183774019
0,0.967338615829858,0.0127194845784574,0.0199418995916843
0,0.966505421509591,0.0127178770427419,0.0207767014476667
0,0.965672227189324,0.0127162520383437,0.0216115207723319
0,0.964839032869058,0.0127146122697981,0.0224463548611443
0,0.964005838548791,0.0127129600572204,0.023281201393989
0,0.963172644228524,0.0127112974028955,0.0241160583685807
0,0.962339449908257,0.0127096260444919,0.0249509240472513
0,0.96150625558799,0.0127079474979319,0.0257857969140782
0,0.960673061267723,0.0127062630921909,0.0266206756400859
0,0.959839866947456,0.0127045739977443,0.0274555590547996
0,0.959006672627189,0.0127028812499744,0.0282904461228362
0,0.958173478306922,0.0127011857685505,0.0291253359245271
0,0.957340283986656,0.0126994883735666,0.0299602276397778
0,0.956507089666389,0.0126977897990527,0.0307951205345588
0,0.955673895346122,0.0126960907043462,0.031630013949532
0,0.954840701025855,0.0126943916837071,0.0324649072904379
0,0.954007506705588,0.0126926932744869,0.0332998000199251
0,0.953174312385321,0.0126909959640976,0.0341346916505813
0,0.952341118065054,0.0126893001959826,0.0349695817389632
0,0.951507923744787,0.0126876063747517,0.035804469880461
0,0.95067472942452,0.0126859148706137,0.0366393557048659
0,0.949841535104254,0.0126842260232165,0.03747423887253
0,0.949008340783987,0.0126825401449847,0.0383091190710285
0,0.94817514646372,0.0126808575240305,0.0391439960122498
0,0.947341952143453,0.0126791784266986,0.0399788694298484
0,0.946508757823186,0.0126775030998004,0.0408137390770136
0,0.945675563502919,0.0126758317725775,0.0416486047245033
0,0.944842369182652,0.0126741646584354,0.0424834661589125
0,0.944009174862385,0.0126725019564751,0.0433183231811395
0,0.943175980542118,0.0126708438528526,0.0441531756050289
0,0.942342786221852,0.0126691905219851,0.0449880232561634
0,0.941509591901585,0.0126675421276272,0.0458228659707882
0,0.940676397581318,0.01266589882383,0.0466577035948523
0,0.939843203261051,0.0126642607558001,0.0474925359831491
0,0.939010008940784,0.0126626280606691,0.048327362998547
0,0.938176814620517,0.0126610008681846,0.0491621845112982
0,0.93734362030025,0.0126593793013324,0.0499970003984175
0,0.936510425979983,0.0126577634768971,0.0508318105431196
0,0.935677231659717,0.012656153505968,0.0516666148343155
0,0.93484403733945,0.0126545494943978,0.0525014131661527
0,0.934010843019183,0.0126529515432171,0.0533362054376002
0,0.933177648698916,0.0126513597490114,0.0541709915520729
0,0.932344454378649,0.0126497742042631,0.055005771417088
0,0.931511260058382,0.0126481949976635,0.0558405449439546
0,0.930678065738115,0.0126466222143969,0.0566753120474881
0,0.929844871417848,0.0126450559363997,0.057510072645752
0,0.929011677097581,0.0126434962425981,0.0583448266598206
0,0.928178482777315,0.0126419432091248,0.0591795740135606
0,0.927345288457047,0.0126403969095183,0.0600143146334342
0,0.926512094136781,0.0126388574149052,0.0608490484483141
0,0.925678899816514,0.0126373247941682,0.0616837753893181
0,0.924845705496247,0.0126357991141009,0.0625184953896522
0,0.92401251117598,0.0126342804395494,0.0633532083844706
0,0.923179316855713,0.0126327688335437,0.0641879143107432
0,0.922346122535446,0.0126312643574189,0.0650226131071348
0,0.921512928215179,0.012629767070927,0.0658573047138937
0,0.920679733894912,0.0126282770323404,0.0666919890727472
0,0.919846539574645,0.0126267942985475,0.0675266661268071
0,0.919013345254379,0.0126253189251419,0.0683613358204795
0,0.918180150934112,0.0126238509665049,0.0691959980993833
0,0.917346956613845,0.0126223904758814,0.0700306529102738
0,0.916513762293578,0.0126209375054519,0.07086530020097
0,0.915680567973311,0.0126194921063982,0.0716999399202908
0,0.914847373653044,0.0126180543289652,0.0725345720179906
0,0.914014179332777,0.0126166242225184,0.0733691964447044
0,0.91318098501251,0.0126152018355974,0.0742038131518921
0,0.912347790692244,0.0126137872159664,0.07503842209179
0,0.911514596371977,0.0126123804106602,0.0758730232173631
0,0.91068140205171,0.0126109814660288,0.0767076164822614
0,0.909848207731443,0.0126095904277776,0.0775422018407796
0,0.909015013411176,0.0126082073410064,0.0783767792478177
0,0.908181819090909,0.0126068322502447,0.0792113486588463
0,0.907348624770642,0.012605465199486,0.0800459100298719
0,0.906515430450375,0.0126041062322191,0.0808804633174055
0,0.905682236130108,0.0126027553914578,0.0817150084784337
0,0.904849041809842,0.0126014127197693,0.0825495454703891
0,0.904015847489575,0.0126000782592999,0.0833840742511255
0,0.903182653169308,0.0125987520517999,0.0842185947788923
0,0.902349458849041,0.0125974341386472,0.085053107012312
0,0.901516264528774,0.0125961245608691,0.0858876109103569
0,0.900683070208507,0.012594823359163,0.0867221064323299
0,0.89984987588824,0.0125935305739158,0.087556593537844
0,0.899016681567973,0.0125922462452227,0.0883910721868039
0,0.898183487247706,0.0125909704129044,0.0892255423393893
0,0.89735029292744,0.0125897031165237,0.0900600039560367
0,0.896517098607173,0.0125884443954013,0.0908944569974262
0,0.895683904286906,0.01258719428863,0.0917289014244642
0,0.894850709966639,0.0125859528350895,0.0925633371982716
0,0.894017515646372,0.0125847200734589,0.0933977642801691
0,0.893184321326105,0.0125834960422301,0.0942321826316648
0,0.892351127005838,0.0125822807797188,0.0950665922144431
0,0.891517932685571,0.0125810743240766,0.095900992990352
0,0.890684738365304,0.0125798767133016,0.096735384921394
0,0.889851544045038,0.0125786879852483,0.0975697679697141
0,0.889018349724771,0.0125775081776379,0.0984041420975914
0,0.888185155404504,0.0125763373280669,0.0992385072674294
0,0.887351961084237,0.0125751754740165,0.100072863441747
0,0.88651876676397,0.0125740226528608,0.100907210583169
0,0.885685572443703,0.0125728789018747,0.101741548654422
0,0.884852378123436,0.0125717442582418,0.102575877618322
0,0.884019183803169,0.0125706187590613,0.103410197437769
0,0.883185989482903,0.0125695024413553,0.104244508075742
0,0.882352795162636,0.0125683953420753,0.105078809495289
0,0.881519600842369,0.0125672974981088,0.105913101659523
0,0.880686406522102,0.0125662089462849,0.106747384531613
0,0.879853212201835,0.0125651297233804,0.107581658074785
0,0.879020017881568,0.0125640598661254,0.108415922252307
0,0.878186823561301,0.0125629994112086,0.10925017702749
0,0.877353629241034,0.0125619483952824,0.110084422363683
0,0.876520434920767,0.0125609068549676,0.110918658224265
0,0.875687240600501,0.0125598748268583,0.111752884572641
0,0.874854046280233,0.0125588523475265,0.11258710137224
0,0.874020851959967,0.0125578394535261,0.113421308586507
0,0.8731876576397,0.0125568361813973,0.114255506178903
0,0.872354463319433,0.0125558425676705,0.115089694112897
0,0.871521268999166,0.0125548586488702,0.115923872351964
0,0.870688074678899,0.0125538844615188,0.116758040859582
0,0.869854880358632,0.0125529200421397,0.117592199599228
0,0.869021686038365,0.0125519654272612,0.118426348534374
0,0.868188491718098,0.0125510206534198,0.119260487628482
0,0.867355297397831,0.012550085757163,0.120094616845006
0,0.866522103077565,0.0125491607750526,0.120928736147383
0,0.865688908757298,0.0125482457436679,0.121762845499034
0,0.864855714437031,0.0125473406996079,0.122596944863361
0,0.864022520116764,0.0125464456794949,0.123431034203741
0,0.863189325796497,0.0125455607199765,0.124265113483526
0,0.86235613147623,0.0125446858577286,0.125099182666041
0,0.861522937155963,0.0125438211294575,0.125933241714579
0,0.860689742835696,0.0125429665719027,0.126767290592401
0,0.859856548515429,0.0125421222218392,0.127601329262731
0,0.859023354195163,0.0125412881160796,0.128435357688758
0,0.858190159874896,0.0125404642914762,0.129269375833628
0,0.857356965554629,0.0125396507849236,0.130103383660448
0,0.856523771234362,0.0125388476333603,0.130937381132278
0,0.855690576914095,0.0125380548737709,0.131771368212134
0,0.854857382593828,0.0125372725431882,0.132605344862984
0,0.854024188273561,0.0125365006786949,0.133439311047744
0,0.853190993953294,0.0125357393174256,0.13427326672928
0,0.852357799633027,0.0125349884965682,0.135107211870404
0,0.851524605312761,0.0125342482533665,0.135941146433873
0,0.850691410992494,0.012533518625121,0.136775070382385
0,0.849858216672227,0.012532799649191,0.137608983678582
0,0.84902502235196,0.0125320913629964,0.138442886285044
0,0.848191828031693,0.0125313938040189,0.139276778164288
0,0.847358633711426,0.0125307070098037,0.14011065927877
0,0.846525439391159,0.0125300310179611,0.14094452959088
0,0.845692245070892,0.0125293658661679,0.14177838906294
0,0.844859050750626,0.012528711592169,0.142612237657205
0,0.844025856430359,0.0125280682337784,0.143446075335863
0,0.843192662110092,0.0125274358288811,0.144279902061027
0,0.842359467789825,0.0125268144154341,0.145113717794741
0,0.841526273469558,0.0125262040314679,0.145947522498974
0,0.840693079149291,0.0125256047150876,0.146781316135621
0,0.839859884829024,0.0125250165044747,0.147615098666501
0,0.839026690508757,0.0125244394378875,0.148448870053355
0,0.83819349618849,0.0125238735536632,0.149282630257846
0,0.837360301868224,0.0125233188902186,0.150116379241558
0,0.836527107547957,0.0125227754860514,0.150950116965992
0,0.83569391322769,0.0125222433797414,0.151783843392569
0,0.834860718907423,0.0125217226099516,0.152617558482626
0,0.834027524587156,0.0125212132154293,0.153451262197415
0,0.833194330266889,0.0125207152350076,0.154284954498103
0,0.832361135946622,0.0125202287076059,0.155118635345772
0,0.831527941626355,0.0125197536722312,0.155952304701413
0,0.830694747306088,0.0125192901679795,0.156785962525932
0,0.829861552985822,0.0125188382340365,0.157619608780142
0,0.829028358665555,0.0125183979096785,0.158453243424767
0,0.828195164345288,0.0125179692342739,0.159286866420438
0,0.827361970025021,0.0125175522472839,0.160120477727695
0,0.826528775704754,0.0125171469882636,0.160954077306982
0,0.825695581384487,0.0125167534968628,0.16178766511865
0,0.82486238706422,0.0125163718128273,0.162621241122952
0,0.824029192743953,0.0125160019759997,0.163454805280047
0,0.823195998423686,0.0125156440263203,0.164288357549993
0,0.82236280410342,0.012515298003828,0.165121897892752
0,0.821529609783153,0.0125149639486615,0.165955426268186
0,0.820696415462886,0.0125146419010602,0.166788942636054
0,0.819863221142619,0.0125143319013647,0.167622446956016
0,0.819030026822352,0.0125140339900183,0.16845593918763
0,0.818196832502085,0.0125137482075675,0.169289419290347
0,0.817363638181818,0.0125134745946631,0.170122887223519
0,0.816530443861551,0.012513213192061,0.170956342946388
0,0.815697249541284,0.012512964040623,0.171789786418093
0,0.814864055221017,0.012512727181318,0.172623217597664
0,0.814030860900751,0.0125125026552227,0.173456636444027
0,0.813197666580484,0.0125122905035224,0.174290042915994
0,0.812364472260217,0.0125120907675117,0.175123436972271
0,0.81153127793995,0.0125119034885959,0.175956818571454
0,0.810698083619683,0.0125117287082915,0.176790187672025
0,0.809864889299416,0.012511566468227,0.177623544232357
0,0.809031694979149,0.0125114168101439,0.178456888210707
0,0.808198500658882,0.0125112797758975,0.17929021956522
0,0.807365306338616,0.0125111554074578,0.180123538253927
0,0.806532112018349,0.0125110437469102,0.180956844234741
0,0.805698917698082,0.0125109448364565,0.181790137465462
0,0.804865723377815,0.0125108587184157,0.18262341790377
0,0.804032529057548,0.0125107854352247,0.183456685507227
0,0.803199334737281,0.0125107250294392,0.18428994023328
0,0.802366140417014,0.0125106775437348,0.185123182039251
0,0.801532946096747,0.0125106430209074,0.185956410882345
0,0.80069975177648,0.0125106215038742,0.186789626719645
0,0.799866557456213,0.0125106130356746,0.187622829508112
0,0.799033363135947,0.012510617659471,0.188456019204582
0,0.79820016881568,0.0125106354185495,0.189289195765771
0,0.797366974495413,0.012510666356321,0.190122359148266
0,0.796533780175146,0.0125107105163214,0.190955509308533
0,0.795700585854879,0.0125107679422135,0.191788646202907
0,0.794867391534612,0.0125108386777865,0.192621769787601
0,0.794034197214345,0.012510922766958,0.193454880018697
0,0.793201002894078,0.0125110202537741,0.194287976852148
0,0.792367808573812,0.0125111311824105,0.195121060243778
0,0.791534614253545,0.0125112555971731,0.195954130149282
0,0.790701419933278,0.0125113935424992,0.196787186524223
0,0.789868225613011,0.0125115450629579,0.197620229324031
0,0.789035031292744,0.0125117102032513,0.198453258504005
0,0.788201836972477,0.012511889008215,0.199286274019308
0,0.78736864265221,0.0125120815228191,0.200119275824971
0,0.786535448331943,0.0125122877921691,0.200952263875888
0,0.785702254011676,0.0125125078615063,0.201785238126817
0,0.78486905969141,0.0125127417762093,0.202618198532381
0,0.784035865371143,0.0125129895817943,0.203451145047063
0,0.783202671050876,0.0125132513239162,0.204284077625208
0,0.782369476730609,0.012513527048369,0.205116996221022
0,0.781536282410342,0.0125138168010875,0.205949900788571
0,0.780703088090075,0.0125141206281471,0.206782791281778
0,0.779869893769808,0.0125144385757654,0.207615667654426
0,0.779036699449541,0.0125147706903026,0.208448529860156
0,0.778203505129274,0.0125151170182627,0.209281377852463
0,0.777370310809008,0.0125154776062941,0.210114211584698
0,0.776537116488741,0.0125158525011903,0.210947031010069
0,0.775703922168474,0.0125162417498911,0.211779836081635
0,0.774870727848207,0.0125166453994834,0.21261262675231
0,0.77403753352794,0.0125170634972016,0.213445402974858
0,0.773204339207673,0.0125174960904292,0.214278164701898
0,0.772371144887406,0.0125179432266989,0.215110911885895
0,0.771537950567139,0.012518404953694,0.215943644479167
0,0.770704756246872,0.0125188813192491,0.216776362433879
0,0.769871561926606,0.0125193723713507,0.217609065702044
0,0.769038367606339,0.0125198781581386,0.218441754235523
0,0.768205173286072,0.0125203987279062,0.219274427986022
0,0.767371978965805,0.0125209341291018,0.220107086905093
0,0.766538784645538,0.0125214844103294,0.220939730944133
0,0.765705590325271,0.0125220496203492,0.22177236005438
0,0.764872396005004,0.0125226298080792,0.222604974186917
0,0.764039201684737,0.0125232250225953,0.223437573292667
0,0.76320600736447,0.0125238353131327,0.224270157322397
0,0.762372813044203,0.0125244607290867,0.22510272622671
0,0.761539618723937,0.0125251013200135,0.22593527995605
0,0.76070642440367,0.0125257571356312,0.226767818460699
0,0.759873230083403,0.0125264282258206,0.227600341690777
0,0.759040035763136,0.0125271146406262,0.228432849596238
0,0.758206841442869,0.012527816430257,0.229265342126874
0,0.757373647122602,0.0125285336450877,0.23009781923231
0,0.756540452802335,0.0125292663356592,0.230930280862006
0,0.755707258482068,0.0125300145526797,0.231762726965252
0,0.754874064161801,0.012530778347026,0.232595157491173
0,0.754040869841535,0.0125315577697437,0.233427572388722
0,0.753207675521268,0.0125323528720488,0.234259971606683
0,0.752374481201001,0.0125331637053283,0.235092355093671
0,0.751541286880734,0.0125339903211411,0.235924722798125
0,0.750708092560467,0.0125348327712193,0.236757074668314
0,0.7498748982402,0.0125356911074688,0.237589410652331
0,0.749041703919933,0.0125365653819703,0.238421730698096
0,0.748208509599666,0.0125374556469805,0.239254034753353
0,0.7473753152794,0.0125383619549329,0.240086322765667
0,0.746542120959133,0.0125392843584387,0.240918594682429
0,0.745708926638866,0.0125402229102879,0.241750850450846
0,0.744875732318599,0.0125411776634503,0.242583090017951
0,0.744042537998332,0.0125421486710763,0.243415313330592
0,0.743209343678065,0.0125431359864983,0.244247520335437
0,0.742376149357798,0.0125441396632311,0.245079710978971
0,0.741542955037531,0.0125451597549734,0.245911885207495
0,0.740709760717264,0.0125461963156086,0.246744042967127
0,0.739876566396998,0.0125472493992059,0.247576184203797
0,0.739043372076731,0.0125483190600213,0.248408308863248
0,0.738210177756464,0.0125494053524984,0.249240416891038
0,0.737376983436197,0.0125505083312698,0.250072508232533
0,0.73654378911593,0.0125516280511579,0.250904582832912
0,0.735710594795663,0.0125527645671759,0.251736640637161
0,0.734877400475396,0.012553917934529,0.252568681590075
0,0.734044206155129,0.0125550882086155,0.253400705636255
0,0.733211011834862,0.0125562754450277,0.25423271272011
0,0.732377817514596,0.0125574796995528,0.255064702785852
0,0.731544623194329,0.0125587010281744,0.255896675777497
0,0.730711428874062,0.0125599394870732,0.256728631638865
0,0.729878234553795,0.0125611951326284,0.257560570313577
0,0.729045040233528,0.0125624680214185,0.258392491745053
0,0.728211845913261,0.0125637582102225,0.259224395876516
0,0.727378651592994,0.012565065756021,0.260056282650985
0,0.726545457272727,0.0125663907159974,0.260888152011275
0,0.72571226295246,0.0125677331475387,0.261720003900001
0,0.724879068632193,0.0125690931082371,0.26255183825957
0,0.724045874311927,0.0125704706558906,0.263383655032183
0,0.72321267999166,0.0125718658485046,0.264215454159836
0,0.722379485671393,0.0125732787442926,0.265047235584314
0,0.721546291351126,0.0125747094016779,0.265878999247196
0,0.720713097030859,0.0125761578792939,0.266710745089847
0,0.719879902710592,0.0125776242359863,0.267542473053422
0,0.719046708390325,0.0125791085308133,0.268374183078861
0,0.718213514070058,0.0125806108230474,0.269205875106894
0,0.717380319749792,0.0125821311721764,0.270037549078032
0,0.716547125429525,0.0125836696379043,0.270869204932571
0,0.715713931109258,0.0125852262801531,0.271700842610589
0,0.714880736788991,0.0125868011590633,0.272532462051946
0,0.714047542468724,0.0125883943349956,0.27336406319628
0,0.713214348148457,0.012590005868532,0.274195645983011
0,0.71238115382819,0.0125916358204767,0.275027210351333
0,0.711547959507923,0.0125932842518579,0.275858756240219
0,0.710714765187656,0.0125949512239284,0.276690283588415
0,0.70988157086739,0.0125966367981675,0.277521792334443
0,0.709048376547123,0.0125983410362816,0.278353282416596
0,0.708215182226856,0.0126000640002059,0.279184753772938
0,0.707381987906589,0.0126018057521054,0.280016206341306
0,0.706548793586322,0.0126035663543765,0.280847640059302
0,0.705715599266055,0.0126053458696477,0.281679054864297
0,0.704882404945788,0.0126071443607817,0.28251045069343
0,0.704049210625521,0.0126089618908757,0.283341827483603
0,0.703216016305254,0.0126107985232637,0.284173185171482
0,0.702382821984987,0.0126126543215171,0.285004523693495
0,0.701549627664721,0.0126145293494463,0.285835842985833
0,0.700716433344454,0.0126164236711019,0.286667142984445
0,0.699883239024187,0.0126183373507761,0.287498423625037
0,0.69905004470392,0.0126202704530043,0.288329684843076
0,0.698216850383653,0.0126222230425658,0.289160926573781
0,0.697383656063386,0.0126241951844859,0.289992148752128
0,0.696550461743119,0.0126261869440366,0.290823351312844
0,0.695717267422852,0.0126281983867386,0.291654534190409
0,0.694884073102585,0.0126302295783621,0.292485697319052
0,0.694050878782319,0.0126322805849285,0.293316840632753
0,0.693217684462052,0.0126343514727118,0.294147964065236
0,0.692384490141785,0.01263644230824,0.294979067549975
0,0.691551295821518,0.0126385531582965,0.295810151020186
0,0.690718101501251,0.0126406840899212,0.296641214408828
0,0.689884907180984,0.0126428351704126,0.297472257648603
0,0.689051712860717,0.0126450064673287,0.298303280671954
0,0.68821851854045,0.0126471980484885,0.299134283411061
0,0.687385324220184,0.0126494099819739,0.299965265797843
0,0.686552129899917,0.0126516423361305,0.300796227763953
0,0.68571893557965,0.0126538951795697,0.301627169240781
0,0.684885741259383,0.0126561685811697,0.302458090159447
0,0.684052546939116,0.0126584626100775,0.303288990450807
0,0.683219352618849,0.0126607773357097,0.304119870045441
0,0.682386158298582,0.0126631128277549,0.304950728873663
0,0.681552963978315,0.0126654691561744,0.30578156686551
0,0.680719769658048,0.0126678463912042,0.306612383950747
0,0.679886575337782,0.0126702446033566,0.307443180058862
0,0.679053381017515,0.0126726638634215,0.308273955119064
0,0.678220186697248,0.0126751042424679,0.309104709060284
0,0.677386992376981,0.0126775658118459,0.309935441811173
0,0.676553798056714,0.0126800486431879,0.310766153300098
0,0.675720603736447,0.0126825528084103,0.311596843455143
0,0.67488740941618,0.0126850783797151,0.312427512204105
0,0.674054215095913,0.0126876254295917,0.313258159474495
0,0.673221020775646,0.0126901940308182,0.314088785193535
0,0.67238782645538,0.0126927842564633,0.314919389288157
0,0.671554632135113,0.0126953961798878,0.315749971685
0,0.670721437814846,0.0126980298747464,0.316580532310408
0,0.669888243494579,0.0127006854149891,0.317411071090432
0,0.669055049174312,0.0127033628748633,0.318241587950825
0,0.668221854854045,0.0127060623289151,0.31907208281704
0,0.667388660533778,0.0127087838519912,0.319902555614231
0,0.666555466213511,0.0127115275192405,0.320733006267248
0,0.665722271893244,0.012714293406116,0.32156343470064
0,0.664889077572977,0.0127170815883764,0.322393840838646
0,0.664055883252711,0.0127198921420877,0.323224224605202
0,0.663222688932444,0.0127227251436255,0.324054585923931
0,0.662389494612177,0.012725580669676,0.324884924718147
0,0.66155630029191,0.0127284587972385,0.325715240910852
0,0.660723105971643,0.0127313596036266,0.32654553442473
0,0.659889911651376,0.0127342831664706,0.327375805182153
0,0.659056717331109,0.0127372295637187,0.328206053105172
0,0.658223523010842,0.0127401988736393,0.329036278115518
0,0.657390328690576,0.0127431911748226,0.329866480134602
0,0.656557134370309,0.0127462065461826,0.330696659083509
0,0.655723940050042,0.0127492450669588,0.331526814882999
0,0.654890745729775,0.0127523068167182,0.332356947453507
0,0.654057551409508,0.0127553918753573,0.333187056715135
0,0.653224357089241,0.0127585003231035,0.334017142587655
0,0.652391162768974,0.0127616322405178,0.334847204990508
0,0.651557968448707,0.0127647877084961,0.335677243842797
0,0.65072477412844,0.0127679668082713,0.336507259063288
0,0.649891579808173,0.0127711696214154,0.337337250570411
0,0.649058385487907,0.0127743962298413,0.338167218282252
0,0.64822519116764,0.012777646715805,0.338997162116555
0,0.647391996847373,0.0127809211619073,0.33982708199072
0,0.646558802527106,0.0127842196510959,0.340656977821798
0,0.645725608206839,0.0127875422666678,0.341486849526493
0,0.644892413886572,0.0127908890922706,0.342316697021157
0,0.644059219566305,0.0127942602119052,0.343146520221789
0,0.643226025246038,0.0127976557099277,0.343976319044034
0,0.642392830925771,0.0128010756710511,0.344806093403177
0,0.641559636605505,0.0128045201803481,0.345635843214147
0,0.640726442285238,0.0128079893232524,0.34646556839151
0,0.639893247964971,0.0128114831855615,0.347295268849468
0,0.639060053644704,0.0128150018534384,0.348124944501858
0,0.638226859324437,0.0128185454134139,0.348954595262149
0,0.63739366500417,0.012822113952389,0.349784221043441
0,0.636560470683903,0.0128257075576366,0.35061382175846
0,0.635727276363636,0.0128293263168039,0.35144339731956
0,0.63489408204337,0.0128329703179148,0.352272947638716
0,0.634060887723103,0.012836639649372,0.353102472627525
0,0.633227693402836,0.0128403343999591,0.353931972197205
0,0.632394499082569,0.0128440546588429,0.354761446258588
0,0.631561304762302,0.0128478005155759,0.355590894722122
0,0.630728110442035,0.0128515720600983,0.356420317497867
0,0.629894916121768,0.0128553693827405,0.357249714495491
0,0.629061721801501,0.0128591925742253,0.358079085624274
0,0.628228527481234,0.0128630417256702,0.358908430793095
0,0.627395333160968,0.0128669169285899,0.359737749910443
0,0.626562138840701,0.0128708182748986,0.360567042884401
0,0.625728944520434,0.0128747458569123,0.361396309622654
0,0.624895750200167,0.0128786997673513,0.362225550032482
0,0.6240625558799,0.0128826800993427,0.363054764020757
0,0.623229361559633,0.0128866869464225,0.363883951493944
0,0.622396167239366,0.0128907204025383,0.364713112358096
0,0.621562972919099,0.0128947805620519,0.365542246518849
0,0.620729778598832,0.0128988675197414,0.366371353881426
0,0.619896584278566,0.0129029813708041,0.36720043435063
0,0.619063389958299,0.0129071222108588,0.368029487830843
0,0.618230195638032,0.0129112901359483,0.36885851422602
0,0.617397001317765,0.012915485242542,0.369687513439693
0,0.616563806997498,0.0129197076275387,0.370516485374963
0,0.615730612677231,0.0129239573882687,0.3713454299345
0,0.614897418356964,0.0129282346224969,0.372174347020539
0,0.614064224036697,0.0129325394284252,0.373003236534877
0,0.61323102971643,0.0129368719046952,0.373832098378874
0,0.612397835396163,0.0129412321503907,0.374660932453446
0,0.611564641075897,0.0129456202650407,0.375489738659063
0,0.61073144675563,0.0129500363486219,0.376318516895749
0,0.609898252435363,0.0129544805015612,0.377147267063076
0,0.609065058115096,0.0129589528247391,0.377975989060165
0,0.608231863794829,0.0129634534194917,0.378804682785679
0,0.607398669474562,0.0129679823876141,0.379633348137824
0,0.606565475154295,0.0129725398313627,0.380461985014342
0,0.605732280834028,0.0129771258534584,0.381290593312513
0,0.604899086513761,0.0129817405570894,0.382119172929149
0,0.604065892193495,0.0129863840459137,0.382947723760592
0,0.603232697873228,0.0129910564240624,0.38377624570271
0,0.602399503552961,0.0129957577961425,0.384604738650897
0,0.601566309232694,0.0130004882672397,0.385433202500066
0,0.600733114912427,0.0130052479429214,0.386261637144652
0,0.59989992059216,0.0130100369292396,0.3870900424786
0,0.599066726271893,0.0130148553327342,0.387918418395372
0,0.598233531951626,0.0130197032604357,0.388746764787938
0,0.59740033763136,0.0130245808198682,0.389575081548772
0,0.596567143311093,0.0130294881190527,0.390403368569855
0,0.595733948990826,0.01303442526651,0.391231625742664
0,0.594900754670559,0.0130393923712638,0.392059852958177
0,0.594067560350292,0.013044389542844,0.392888050106864
0,0.593234366030025,0.0130494168912895,0.393716217078686
0,0.592401171709758,0.0130544745271518,0.39454435376309
0,0.591567977389491,0.0130595625614978,0.395372460049011
0,0.590734783069224,0.0130646811059132,0.396200535824862
0,0.589901588748957,0.013069830272506,0.397028580978537
0,0.589068394428691,0.013075010173909,0.3978565953974
0,0.588235200108424,0.013080220923284,0.398684578968292
0,0.587402005788157,0.0130854626343244,0.399512531577519
0,0.58656881146789,0.0130907354212589,0.400340453110851
0,0.585735617147623,0.0130960393988548,0.401168343453522
0,0.584902422827356,0.0131013746824213,0.401996202490222
0,0.584069228507089,0.013106741387813,0.402824030105098
0,0.583236034186822,0.0131121396314334,0.403651826181744
0,0.582402839866555,0.0131175695302379,0.404479590603207
0,0.581569645546289,0.013123031201738,0.405307323251973
0,0.580736451226022,0.0131285247640043,0.406135024009974
0,0.579903256905755,0.0131340503356703,0.406962692758575
0,0.579070062585488,0.0131396080359356,0.407790329378576
0,0.578236868265221,0.01314519798457,0.408617933750209
0,0.577403673944954,0.0131508203019167,0.409445505753129
0,0.576570479624687,0.0131564751088962,0.410273045266417
0,0.57573728530442,0.0131621625270098,0.41110055216857
0,0.574904090984153,0.0131678826783435,0.411928026337503
0,0.574070896663887,0.0131736356855713,0.412755467650542
0,0.57323770234362,0.0131794216719597,0.413582875984421
0,0.572404508023353,0.0131852407613707,0.414410251215276
0,0.571571313703086,0.013191093078266,0.415237593218648
0,0.570738119382819,0.0131969787477109,0.41606490186947
0,0.569904925062552,0.0132028978953779,0.41689217704207
0,0.569071730742285,0.0132088506475511,0.417719418610164
0,0.568238536422018,0.0132148371311293,0.418546626446852
0,0.567405342101752,0.0132208574736309,0.419373800424618
0,0.566572147781485,0.0132269118031971,0.420200940415318
0,0.565738953461218,0.0132330002485965,0.421028046290186
0,0.564905759140951,0.0132391229392287,0.42185511791982
0,0.564072564820684,0.0132452800051288,0.422682155174187
0,0.563239370500417,0.0132514715769712,0.423509157922612
0,0.56240617618015,0.0132576977860738,0.424336126033776
0,0.561572981859883,0.0132639587644022,0.425163059375715
0,0.560739787539616,0.013270254644574,0.42598995781581
0,0.55990659321935,0.0132765855598631,0.426816821220787
0,0.559073398899083,0.0132829516442035,0.427643649456714
0,0.558240204578816,0.0132893530321943,0.42847044238899
0,0.557407010258549,0.0132957898591034,0.429297199882348
0,0.556573815938282,0.0133022622608723,0.430123921800846
0,0.555740621618015,0.0133087703741204,0.430950608007864
0,0.554907427297748,0.0133153143361493,0.431777258366102
0,0.554074232977481,0.0133218942849475,0.432603872737571
0,0.553241038657214,0.0133285103591946,0.433430450983591
0,0.552913946934574,0.0133311191242702,0.433754933941155
0,0.552407844336947,0.0133357009415539,0.434256454721499
0,0.551574650016681,0.0133432801935598,0.43508206978976
0,0.550741455696414,0.0133509010612491,0.435907643242337
0,0.549908261376147,0.0133585637062926,0.436733174917561
0,0.54907506705588,0.0133662682911825,0.437558664652938
0,0.548241872735613,0.0133740149792372,0.43838411228515
0,0.547408678415346,0.0133818039346075,0.439209517650046
0,0.546575484095079,0.0133896353222816,0.440034880582639
0,0.545742289774812,0.0133975093080908,0.440860200917097
0,0.544909095454545,0.0134054260587155,0.441685478486739
0,0.544075901134279,0.0134133857416902,0.442510713124031
0,0.543242706814012,0.0134213885254097,0.443335904660579
0,0.542409512493745,0.0134294345791345,0.444161052927121
0,0.541576318173478,0.0134375240729971,0.444986157753525
0,0.540743123853211,0.0134456571780071,0.445811218968782
0,0.539909929532944,0.0134538340660579,0.446636236400998
0,0.539076735212677,0.013462054909932,0.447461209877391
0,0.53824354089241,0.0134703198833071,0.448286139224283
0,0.537410346572143,0.0134786291607626,0.449111024267094
0,0.536577152251877,0.0134869829177849,0.449935864830338
0,0.53574395793161,0.0134953813307742,0.450760660737616
0,0.534910763611343,0.0135038245770505,0.451585411811607
0,0.534077569291076,0.0135123128348594,0.452410117874065
0,0.533244374970809,0.0135208462833791,0.453234778745812
0,0.532411180650542,0.013529425102726,0.454059394246732
0,0.531577986330275,0.0135380494739616,0.454883964195763
0,0.530744792010008,0.0135467195790987,0.455708488410893
0,0.529911597689741,0.0135554356011081,0.45653296670915
0,0.529078403369475,0.0135641977239246,0.457357398906601
0,0.528245209049208,0.0135730061324542,0.458181784818338
0,0.527412014728941,0.0135818610125805,0.459006124258479
0,0.526578820408674,0.0135907625511712,0.459830417040155
0,0.525745626088407,0.0135997109360853,0.460654662975508
0,0.52491243176814,0.0136087063561794,0.46147886187568
0,0.524079237447873,0.0136177490013148,0.462303013550812
0,0.523246043127606,0.0136268390623647,0.463127117810029
0,0.52241284880734,0.0136359767312204,0.46395117446144
0,0.521579654487073,0.0136451622007992,0.464775183312128
0,0.520746460166806,0.013654395665051,0.465599144168143
0,0.519913265846539,0.0136636773189655,0.466423056834496
0,0.519080071526272,0.0136730073585794,0.467246921115149
0,0.518246877206005,0.013682385980984,0.468070736813011
0,0.517413682885738,0.0136918133843318,0.46889450372993
0,0.516580488565471,0.0137012897678448,0.469718221666684
0,0.515747294245204,0.0137108153318211,0.470541890422975
0,0.514914099924937,0.013720390277643,0.47136550979742
0,0.514080905604671,0.0137300148077842,0.472189079587545
0,0.513247711284404,0.0137396891258179,0.473012599589778
0,0.512414516964137,0.0137494134364237,0.473836069599439
0,0.51158132264387,0.0137591879453963,0.474659489410734
0,0.510748128323603,0.0137690128596527,0.475482858816744
0,0.509914934003336,0.0137788883872403,0.476306177609424
0,0.509081739683069,0.0137888147373448,0.477129445579586
0,0.508248545362802,0.0137987921202983,0.477952662516899
0,0.507415351042536,0.0138088207475874,0.478775828209877
0,0.506582156722269,0.0138189008318611,0.47959894244587
0,0.505748962402002,0.0138290325869395,0.480422005011059
0,0.504915768081735,0.0138392162278218,0.481245015690443
0,0.504082573761468,0.0138494519706946,0.482067974267837
0,0.503249379441201,0.0138597400329407,0.482890880525858
0,0.502416185120934,0.013870080633147,0.483713734245919
0,0.501582990800667,0.0138804739911139,0.484536535208219
0,0.5007497964804,0.0138909203278631,0.485359283191736
0,0.499916602160133,0.0139014198656471,0.486181977974219
0,0.499083407839867,0.0139119728279575,0.487004619332176
0,0.4982502135196,0.0139225794395341,0.487827207040866
0,0.497417019199333,0.0139332399263736,0.488649740874294
0,0.496583824879066,0.0139439545157391,0.489472220605195
0,0.495750630558799,0.0139547234361689,0.490294646005032
0,0.494917436238532,0.0139655469174857,0.491117016843982
0,0.494084241918265,0.0139764251908057,0.491939332890929
0,0.493251047597998,0.0139873584885486,0.492761593913453
0,0.492417853277731,0.0139983470444462,0.493583799677822
0,0.491584658957465,0.0140093910935525,0.494405949948983
0,0.490751464637198,0.0140204908722531,0.495228044490549
0,0.489918270316931,0.0140316466182748,0.496050083064794
0,0.489085075996664,0.0140428585706954,0.496872065432641
0,0.488251881676397,0.0140541269699538,0.497693991353649
0,0.48741868735613,0.0140654520578594,0.49851586058601
0,0.486585493035863,0.0140768340776026,0.499337672886534
0,0.485752298715596,0.0140882732737649,0.500159428010639
0,0.484919104395329,0.0140997698923287,0.500981125712342
0,0.484085910075062,0.0141113241806878,0.50180276574425
0,0.483252715754796,0.0141229363876579,0.502624347857546
0,0.482419521434529,0.0141346067634871,0.503445871801984
0,0.481586327114262,0.0141463355598659,0.504267337325872
0,0.480753132793995,0.0141581230299388,0.505088744176066
0,0.48031744748803,0.0141643134445371,0.505518239067433
0,0.479919938473728,0.0141706828344971,0.505909378691775
0,0.479086744153461,0.0141840903773409,0.506729165469198
0,0.478253549833194,0.0141975652321391,0.507548884934667
0,0.477420355512927,0.0142111076935091,0.508368536793563
0,0.476587161192661,0.0142247180577935,0.509188120749546
0,0.475753966872394,0.0142383966230734,0.510007636504533
0,0.474920772552127,0.0142521436891813,0.510827083758692
0,0.47408757823186,0.0142659595577142,0.511646462210426
0,0.473254383911593,0.0142798445320466,0.51246577155636
0,0.472421189591326,0.0142937989173443,0.51328501149133
0,0.471587995271059,0.0143078230205778,0.514104181708363
0,0.470754800950792,0.0143219171505354,0.514923281898672
0,0.469921606630525,0.0143360816178375,0.515742311751637
0,0.469088412310259,0.0143503167349501,0.516561270954791
0,0.468255217989992,0.0143646228161991,0.517380159193809
0,0.467422023669725,0.0143790001777839,0.518198976152491
0,0.466588829349458,0.0143934491377922,0.51901772151275
0,0.465755635029191,0.0144079700162137,0.519836394954595
0,0.464922440708924,0.0144225631349552,0.520654996156121
0,0.464089246388657,0.014437228817855,0.521473524793488
0,0.46325605206839,0.0144519673906975,0.522291980540912
0,0.462422857748123,0.0144667791812281,0.523110363070648
0,0.461589663427857,0.0144816645191685,0.523928672052975
0,0.46075646910759,0.0144966237362316,0.524746907156179
0,0.459923274787323,0.0145116571661368,0.52556506804654
0,0.459090080467056,0.0145267651446256,0.526383154388319
0,0.458256886146789,0.0145419480094771,0.527201165843734
0,0.457423691826522,0.0145572061005235,0.528019102072954
0,0.456590497506255,0.0145725397596665,0.528836962734078
0,0.455757303185988,0.0145879493308928,0.529654747483119
0,0.454924108865721,0.0146034351602905,0.530472455973988
0,0.454090914545454,0.0146189975960654,0.53129008785848
0,0.453257720225188,0.0146346369885575,0.532107642786255
0,0.452424525904921,0.0146503536902574,0.532925120404822
0,0.451591331584654,0.0146661480558234,0.533742520359523
0,0.450758137264387,0.0146820204420982,0.534559842293515
0,0.44992494294412,0.0146979712081262,0.535377085847754
0,0.449091748623853,0.0147140007151704,0.536194250660976
0,0.448258554303586,0.0147301093267302,0.537011336369684
0,0.447425359983319,0.0147462974085588,0.537828342608122
0,0.446592165663053,0.0147625653286807,0.538645269008267
0,0.445758971342786,0.0147789134574103,0.539462115199804
0,0.444925777022519,0.0147953421673692,0.540278880810112
0,0.444092582702252,0.0148118518335049,0.541095565464243
0,0.443259388381985,0.0148284428331091,0.541912168784906
0,0.442426194061718,0.0148451155458363,0.542728690392446
0,0.441592999741451,0.0148618703537226,0.543545129904826
0,0.440759805421184,0.0148787076412047,0.544361486937611
0,0.439926611100917,0.0148956277951388,0.545177761103944
0,0.439093416780651,0.0149126312048203,0.545993952014529
0,0.438260222460384,0.0149297182620028,0.546810059277614
0,0.437427028140117,0.0149468893609185,0.547626082498965
0,0.43659383381985,0.0149641448982973,0.548442021281853
0,0.435760639499583,0.0149814852733873,0.54925787522703
0,0.434994458630864,0.014997507764804,0.550008033604332
0,0.434927445179316,0.0149990789031006,0.550073475917583
0,0.434094250859049,0.015018687344215,0.550887061796736
0,0.433261056538782,0.015038392736545,0.551700550724673
0,0.432427862218515,0.0150581955438374,0.552513942237647
0,0.431594667898249,0.0150780962328261,0.553327235868925
0,0.430761473577982,0.0150980952732569,0.554140431148761
0,0.429928279257715,0.0151181931379117,0.554953527604374
0,0.429095084937448,0.0151383903026337,0.555766524759918
0,0.428261890617181,0.0151586872463518,0.556579422136467
0,0.427428696296914,0.0151790844511068,0.557392219251979
0,0.426595501976647,0.0151995824020761,0.558204915621277
0,0.42576230765638,0.0152201815876002,0.559017510756019
0,0.424929113336113,0.0152408824992082,0.559830004164678
0,0.424095919015847,0.0152616856316445,0.560642395352509
0,0.42326272469558,0.0152825914828951,0.561454683821525
0,0.422429530375313,0.0153036005542147,0.562266869070473
0,0.421596336055046,0.0153247133501536,0.563078950594801
0,0.420763141734779,0.0153459303785852,0.563890927886636
0,0.419929947414512,0.0153672521507335,0.564702800434755
0,0.419096753094245,0.0153886791812012,0.565514567724554
0,0.418263558773978,0.015410211987998,0.566326229238024
0,0.417430364453711,0.0154318510925685,0.56713778445372
0,0.416597170133444,0.0154535970198218,0.567949232846734
0,0.415763975813178,0.0154754502981599,0.568760573888662
0,0.414930781492911,0.0154974114595074,0.569571807047582
0,0.414097587172644,0.015519481039341,0.570382931788015
0,0.413264392852377,0.0155416595767197,0.571193947570903
0,0.41243119853211,0.0155639476143146,0.572004853853575
0,0.411598004211843,0.0155863456984397,0.572815650089717
0,0.410764809891576,0.0156088543790831,0.573626335729341
0,0.409931615571309,0.0156314742099377,0.574436910218753
0,0.409098421251043,0.0156542057484326,0.575247373000525
0,0.408265226930776,0.0156770495557657,0.576057723513459
0,0.407432032610509,0.015700006196935,0.576867961192556
0,0.406598838290242,0.0157230762407715,0.577678085468987
0,0.405765643969975,0.0157462602599718,0.578488095770053
0,0.404932449649708,0.0157695588311317,0.57929799151916
0,0.404099255329441,0.0157929725347791,0.58010777213578
0,0.403266061009174,0.0158165019554082,0.580917437035417
0,0.402765475515076,0.0158307020850709,0.581403822399853
0,0.402432866688907,0.0158412248273348,0.581725908483758
0,0.40159967236864,0.0158676978870816,0.582532629744278
0,0.400766478048374,0.0158943027354009,0.583339219216226
0,0.399933283728107,0.0159210400500278,0.584145676221866
0,0.39910008940784,0.0159479105134011,0.584952000078759
0,0.398266895087573,0.015974914812704,0.585758190099723
0,0.397433700767306,0.0160020536399059,0.586564245592788
0,0.396600506447039,0.0160293276918042,0.587370165861157
0,0.395767312126772,0.0160567376700667,0.588175950203161
0,0.394934117806505,0.016084284281275,0.58898159791222
0,0.394100923486239,0.0161119682369668,0.589787108276795
0,0.393267729165972,0.0161397902536807,0.590592480580348
0,0.392434534845705,0.0161677510529999,0.591397714101295
0,0.391601340525438,0.0161958513615967,0.592202808112965
0,0.390768146205171,0.0162240919112783,0.593007761883551
0,0.389934951884904,0.0162524734390321,0.593812574676064
0,0.389101757564637,0.0162809966870719,0.594617245748291
0,0.38826856324437,0.0163096624028844,0.595421774352745
0,0.387435368924103,0.0163384713392766,0.59622615973662
0,0.386602174603837,0.0163674242544234,0.59703040114174
0,0.38576898028357,0.0163965219119157,0.597834497804515
0,0.384935785963303,0.0164257650808091,0.598638448955888
0,0.384102591643036,0.0164551545356731,0.599442253821291
0,0.383269397322769,0.0164846910566408,0.60024591162059
0,0.382436203002502,0.0165143754294594,0.601049421568038
0,0.381603008682235,0.0165442084455408,0.601852782872224
0,0.380769814361968,0.0165741909020129,0.602655994736019
0,0.379936620041701,0.016604323601772,0.603459056356527
0,0.379103425721435,0.0166346073535348,0.604261966925031
0,0.378301588522858,0.0166638964053378,0.605034515071804
0,0.378270231401168,0.0166651678708046,0.605064600728028
0,0.377437037080901,0.0166990889087832,0.605863874010316
0,0.376603842760634,0.016733181458676,0.60666297578069
0,0.375770648440367,0.0167674464567757,0.607461905102857
0,0.3749374541201,0.0168018848462764,0.608260661033624
0,0.374104259799833,0.0168364975773377,0.609059242622829
0,0.373271065479566,0.016871285607149,0.609857648913285
0,0.372437871159299,0.0169062498999953,0.610655878940705
0,0.371604676839032,0.0169413914273226,0.611453931733645
0,0.370771482518766,0.0169767111678056,0.612251806313429
0,0.369938288198499,0.0170122101074143,0.613049501694087
0,0.369105093878232,0.0170478892394831,0.613847016882285
0,0.368271899557965,0.0170837495647794,0.614644350877256
0,0.367438705237698,0.0171197920915738,0.615441502670728
0,0.366605510917431,0.0171560178357104,0.616238471246858
0,0.365772316597164,0.0171924278206786,0.617035255582157
0,0.364939122276897,0.0172290230776851,0.617831854645418
0,0.36410592795663,0.0172658046457272,0.618628267397642
0,0.363272733636364,0.0173027735716666,0.61942449279197
0,0.362439539316097,0.0173399309103041,0.620220529773599
0,0.36160634499583,0.0173772777244555,0.621016377279715
0,0.360773150675563,0.0174148150850276,0.621812034239409
0,0.359939956355296,0.017452544071096,0.622607499573608
0,0.359106762035029,0.0174904657699833,0.623402772194988
0,0.358961828197211,0.0174970907256047,0.623541081077184
0,0.358273567714762,0.0175318688744439,0.624194563410794
0,0.357440373394495,0.0175741804822555,0.624985446123249
0,0.356607179074229,0.0176167103508654,0.625776110574906
0,0.355773984753962,0.0176594597377526,0.626566555508286
0,0.354940790433695,0.0177024299101776,0.627356779656128
0,0.354107596113428,0.0177456221452774,0.628146781741295
0,0.353274401793161,0.0177890377301624,0.628936560476677
0,0.352441207472894,0.017832677962014,0.629726114565092
0,0.351608013152627,0.0178765441481836,0.630515442699189
0,0.35077481883236,0.0179206376062925,0.631304543561347
0,0.349941624512093,0.0179649596643331,0.632093415823573
0,0.349108430191827,0.0180095116607711,0.632882058147402
0,0.34827523587156,0.0180542949446497,0.633670469183791
0,0.347442041551293,0.0180993108756936,0.634458647573014
0,0.346608847231026,0.0181445608244161,0.635246591944558
0,0.345775652910759,0.0181900461722255,0.636034300917016
0,0.344942458590492,0.0182357683115344,0.636821773097973
0,0.344109264270225,0.0182817286458694,0.637609007083905
0,0.343276069949958,0.0183279285899823,0.638396001460059
0,0.343233756643477,0.0183302850458716,0.638435958310651
0,0.342442875629691,0.0183787926846201,0.639178331685688
0,0.341609681309424,0.0184301623035587,0.639960156387017
0,0.340776486989158,0.0184818026984506,0.640741710312392
0,0.339943292668891,0.0185337155040674,0.641522991827042
0,0.339110098348624,0.0185859023685015,0.642303999282875
0,0.338276904028357,0.0186383649533023,0.643084731018341
0,0.33744370970809,0.0186911049336142,0.643865185358296
0,0.336610515387823,0.0187441239983156,0.644645360613861
0,0.335777321067556,0.0187974238501602,0.645425255082284
0,0.334944126747289,0.01885100620592,0.64620486704679
0,0.334110932427023,0.0189048727965298,0.646984194776448
0,0.333277738106756,0.0189590253672338,0.647763236526011
0,0.332444543786489,0.0190134656777333,0.648541990535778
0,0.331611349466222,0.0190681955023377,0.649320455031441
0,0.330778155145955,0.0191232166301158,0.650098628223929
0,0.3301715368728,0.0191634793661385,0.650664983761061
0,0.329944960825688,0.0191799858402217,0.65087505333409
0,0.329111766505421,0.0192409724995818,0.651647260994997
0,0.328278572185154,0.0193022877127835,0.652419140102062
0,0.327445377864887,0.019363933545784,0.653190688589329
0,0.32661218354462,0.0194259120820677,0.653961904373312
0,0.325778989224354,0.0194882254228322,0.654732785352814
0,0.324945794904087,0.0195508756871771,0.655503329408736
0,0.32411260058382,0.0196138650122951,0.656273534403885
0,0.323279406263553,0.0196771955536654,0.657043398182782
0,0.322446211943286,0.0197408694852495,0.657812918571464
0,0.321613017623019,0.0198048889996902,0.658582093377291
0,0.320779823302752,0.0198692563085121,0.659350920388736
0,0.319946628982485,0.0199339736423256,0.660119397375189
0,0.319143751426506,0.0199966736864053,0.660859574887089
0,0.319113434662219,0.0199992645290591,0.660887300808722
0,0.318280240341952,0.0200708002664317,0.661648959391617
0,0.317447046021685,0.0201427301571211,0.662410223821194
0,0.316613851701418,0.0202150567761755,0.663171091522407
0,0.315780657381151,0.0202877827213311,0.663931559897518
0,0.314947463060884,0.0203609106132626,0.664691626325853
0,0.314114268740617,0.0204344430958366,0.665451288163546
0,0.31328107442035,0.0205083828363688,0.666210542743281
0,0.312447880100083,0.020582732525884,0.666969387374033
0,0.311614685779816,0.0206574948793805,0.667727819340803
0,0.31078149145955,0.0207326726360967,0.668485835904354
0,0.309948297139283,0.0208082685597831,0.669243434300934
0,0.309711413127643,0.0208298680066722,0.669458718865685
0,0.309115102819016,0.0208892080784727,0.669995689102512
0,0.308281908498749,0.0209725679372901,0.670745523563961
0,0.307448714178482,0.021056398110365,0.671494887711153
0,0.306615519858215,0.0211407017886167,0.672243778353168
0,0.305782325537948,0.0212254821921474,0.672992192269904
0,0.304949131217681,0.0213107425705767,0.673740126211742
0,0.304115936897415,0.0213964862033795,0.674487576899206
0,0.303282742577148,0.0214827164002302,0.675234541022622
0,0.302449548256881,0.02156943650135,0.675981015241769
0,0.301616353936614,0.0216566498778603,0.676726996185526
0,0.301555393259224,0.0216630623269391,0.676781544413836
0,0.300783159616347,0.0217514995937555,0.677465340789898
0,0.29994996529608,0.0218474626090572,0.678202572094863
0,0.299116770975813,0.0219439798618015,0.678939249162385
0,0.298283576655546,0.02204105524543,0.679675368099024
0,0.297450382335279,0.0221386926902377,0.680410924974483
0,0.296617188015012,0.0222368961638086,0.681145915821179
0,0.295783993694746,0.0223356696714587,0.681880336633796
0,0.294950799374479,0.0224350172566853,0.682614183368836
0,0.294440015266818,0.022496256647206,0.683063728085976
0,0.294117605054212,0.0225382475972346,0.683344147348554
0,0.293284410733945,0.022647346483578,0.684068242782477
0,0.292451216413678,0.0227570898500922,0.68479169373623
0,0.291618022093411,0.0228674823688198,0.685514495537769
0,0.290784827773144,0.0229785287574221,0.686236643469434
0,0.289951633452877,0.0230902337797368,0.686958132767386
0,0.28911843913261,0.0232026022463434,0.687678958621046
0,0.288285244812344,0.0233156390151373,0.688399116172519
0,0.288183966411556,0.0233294509674729,0.688486582620972
0,0.287452050492077,0.0234376705307137,0.68911027897721
0,0.28661885617181,0.0235615963457317,0.689819547482458
0,0.285785661851543,0.0236862720668097,0.690528066081647
0,0.284952467531276,0.0238117033120528,0.691235829156671
0,0.284119273211009,0.0239378957562341,0.691942831032757
0,0.283286078890742,0.0240648551315094,0.692649065977748
0,0.282648069939304,0.0241626452877398,0.693189284772956
0,0.282452884570475,0.02419502304396,0.693352092385565
0,0.281619690250208,0.0243339954910621,0.694046314258729
0,0.280786495929942,0.0244738281525247,0.694739675917534
0,0.279953301609675,0.0246145276634437,0.695432170726882
0,0.279120107289408,0.0247561007277991,0.696123791982793
0,0.278286912969141,0.0248985541193484,0.696814532911511
0,0.277721266622656,0.0249958396080067,0.697282893769338
0,0.277453718648874,0.0250455622818732,0.697500719069253
0,0.276620524328607,0.0252012925110895,0.698178183160303
0,0.27578733000834,0.0253580100446556,0.698854659947004
0,0.274954135688073,0.0255157227335596,0.699530141578367
0,0.274120941367807,0.0256744385127891,0.700204620119404
0,0.273314491775004,0.0258290339282736,0.700856474296722
0,0.27328774704754,0.0258345660948684,0.700877686857592
0,0.272454552727273,0.0260078729766785,0.701537574296049
0,0.271621358407006,0.0261823048845591,0.702196336708435
0,0.270788164086739,0.0263578710286715,0.70285396488459
0,0.269954969766472,0.0265345807205955,0.703510449512933
0,0.26935685246917,0.0266622282485405,0.703980919282289
0,0.269121775446205,0.0267162967202312,0.704161927833564
0,0.268288581125938,0.026909072913634,0.704802345960428
0,0.267455386805671,0.0271031320968458,0.705441481097483
0,0.266622192485404,0.0272984850976948,0.706079322416901
0,0.265788998165138,0.0274951428668847,0.706715858967978
0,0.26578781988635,0.0274954225688073,0.706716757544842
0,0.264955803844871,0.0277080584568836,0.707336137698246
0,0.264122609524604,0.0279224473684874,0.707954943106909
0,0.263289415204337,0.0281383010940158,0.708572283701647
0,0.262559700780835,0.0283286168890742,0.709111682330091
0,0.26245622088407,0.0283576444780025,0.709186134637927
0,0.261623026563803,0.0285927803626568,0.70978419307354
0,0.260789832243536,0.0288295615374643,0.710380606218999
0,0.259956637923269,0.0290680027337709,0.71097535934296
0,0.259630917045718,0.0291618112093411,0.711207271744941
0,0.259123443603002,0.0293188887003083,0.711557667696689
0,0.258290249282736,0.02957852259533,0.712131228121934
0,0.257457054962469,0.0298400229050057,0.712702922132526
0,0.25696655527518,0.029995005529608,0.713038439195212
0,0.256623860642202,0.0301113022445425,0.713264837113256
0,0.255790666321935,0.0303959384985164,0.713813395179549
0,0.254957472001668,0.0306826753821827,0.714359852616149
0,0.254537468901863,0.0308281998498749,0.714634331248262
0,0.254124277681401,0.0309818836284875,0.714893838690111
0,0.253291083361134,0.0312939330128324,0.715414983626033
0,0.252457889040867,0.031608349730042,0.715933761229091
0,0.25231823826184,0.0316613941701418,0.716020367568018
0,0.2516246947206,0.0319440820813626,0.716431223198037
0,0.250791500400334,0.0322862609760718,0.716922238623595
0,0.250287894845432,0.0324945884904087,0.717217516664159
0,0.249958306080067,0.0326408522654705,0.717400841654463
0,0.2491251117598,0.0330132460869447,0.717861642153255
0,0.248426812849381,0.0333277828106756,0.718245404339943
0,0.248291917439533,0.0333929559081768,0.71831512665229
0,0.247458723119266,0.0337983074476493,0.718742969433085
0,0.24671924888167,0.0341609771309425,0.719119773987387
0,0.246625528798999,0.0342102784051946,0.719164192795806
0,0.245792334478732,0.0346516691151813,0.719555996406086
0,0.245151034479828,0.0349941714512093,0.719854794068963
0,0.244959140158465,0.0351041133294204,0.719936746512114
0,0.244125945838198,0.0355850224392996,0.720289031722502
0,0.243709378804861,0.0358273657714762,0.720463255423662
0,0.243292751517932,0.0360874550966013,0.720619793385467
0,0.242459557197665,0.0366118320407,0.720928610761635
0,0.242382700456102,0.0366605600917431,0.720956739452155
0,0.241626362877398,0.0371753663423334,0.721198270780269
0,0.241162459831901,0.03749375441201,0.721343785756088
0,0.240793168557131,0.0377659889941361,0.721440842448733
0,0.240038497502595,0.0383269487322769,0.721634553765128
0,0.239959974236864,0.038389682559407,0.721650343203729
0,0.239126779916597,0.039060645538652,0.721812574544751
0,0.23900422014239,0.0391601430525438,0.721835636805066
0,0.23829358559633,0.0397808421662241,0.721925572237446
0,0.238052314025297,0.0399933373728107,0.721954348601892
0,0.237460391276063,0.0405548133161114,0.721984795407825
0,0.237176309962348,0.0408265316930776,0.721997158344575
0,0.236627196955796,0.0413929098683358,0.721979893175868
0,0.236370657517947,0.0416597260133445,0.721969616468708
0,0.23579400263553,0.0423074511645378,0.721898546199933
0,0.235630253153638,0.0424929203336113,0.721876826512751
0,0.234960808315263,0.0433132486179518,0.721725943066786
0,0.234950395929277,0.0433261146538782,0.721723489416845
0,0.23432785237613,0.0441593089741451,0.721512838649724
0,0.234127613994996,0.0444504325812993,0.721421953423705
0,0.233757868154251,0.044992503294412,0.721249628551337
0,0.233294419674729,0.045732674120364,0.720972906204907
0,0.233236658870307,0.0458256976146789,0.720937643515014
0,0.232762442276407,0.0466588919349458,0.720578665788647
0,0.232461225354462,0.0472390105550995,0.720299764090438
0,0.232330914440464,0.0474920862552127,0.720176999304323
0,0.231940500479749,0.0483252805754796,0.719734218944771
0,0.231628031034195,0.0490623683128153,0.71930960065299
0,0.231587628853915,0.0491584748957465,0.719253896250338
0,0.231271629199609,0.0499916692160133,0.718736701584377
0,0.230988919759474,0.0508248635362802,0.718186216704245
0,0.230794836713928,0.0514683508022517,0.71773681248382
0,0.230738096384207,0.0516580578565471,0.717603845759246
0,0.230518141521478,0.052491252176814,0.716990606301708
0,0.230326469653491,0.0533244464970809,0.716349083849428
0,0.230161671377498,0.0541576408173478,0.715680687805154
0,0.230022423098102,0.0549908351376147,0.714986741764284
0,0.229961642393661,0.055430844344114,0.714607513262225
0,0.229907782818303,0.0558240294578816,0.714268187723815
0,0.229816487073182,0.0566572237781485,0.71352628914867
0,0.229747100799714,0.0574904180984153,0.712762481101871
0,0.229698591420417,0.0583236124186822,0.711977796160901
0,0.229669984995154,0.0591568067389491,0.711173208265897
0,0.229660362169288,0.059990001059216,0.710349636771496
0,0.229668854452694,0.0608231953794829,0.709507950167824
0,0.229694640798554,0.0616563896997498,0.708648969501696
0,0.229736944454125,0.0624895840200167,0.707773471525859
0,0.229795030058596,0.0633227783402836,0.706882191601121
0,0.22986820096572,0.0641559726605505,0.70597582637373
0,0.229955796771172,0.0649891669808173,0.70505503624801
0,0.229961642393661,0.0650370774701981,0.70500128013614
0,0.23005772197378,0.0658223613010842,0.704119916725135
0,0.230172956162167,0.0666555556213511,0.703171488216482
0,0.230300898883278,0.067488749941618,0.702210351175104
0,0.230441010422364,0.0683219442618849,0.701237045315751
0,0.230592777601882,0.0691551385821518,0.700252083815966
0,0.23075571220474,0.0699883329024187,0.699255954892841
0,0.230794836713928,0.0701756693504634,0.699029493935608
0,0.230930089664594,0.0708215272226856,0.69824838311272
0,0.231114998122125,0.0716547215429525,0.697230280334922
0,0.231309798112152,0.0724879158632193,0.696202286024629
0,0.231514085352101,0.0733211101834862,0.695164804464413
0,0.231628031034195,0.0737654483777427,0.694606520588062
0,0.231728016863341,0.0741543045037531,0.694117678632906
0,0.231951350743684,0.07498749882402,0.693061150432296
0,0.232183111762022,0.0758206931442869,0.691996195093691
0,0.23242296257256,0.0766538874645538,0.690923149962886
0,0.232461225354462,0.0767823359829362,0.690756438662602
0,0.232671713937266,0.0774870817848207,0.689841204277913
0,0.232928171175211,0.0783202761050876,0.688751552719701
0,0.233191830856413,0.0791534704253545,0.687654698718232
0,0.233294419674729,0.079468833795748,0.687236746529523
0,0.233463311850382,0.0799866647456213,0.686550023403996
0,0.233742026542054,0.0808198590658882,0.685438114392058
0,0.234027162617846,0.0816530533861551,0.684319783995999
0,0.234127613994996,0.0819398471481876,0.683932538856817
0,0.234319487406055,0.082486247706422,0.683194264887523
0,0.234618310229212,0.0833194420266889,0.682062247744099
0,0.234922864560797,0.0841526363469558,0.680924499092247
0,0.234960808315263,0.0842543527027338,0.680784838982003
0,0.23523436885855,0.0849858306672227,0.679779800474228
0,0.235551398968598,0.0858190249874896,0.678629576043912
0,0.23579400263553,0.0864460596064311,0.677759937758039
0,0.23587396718394,0.0866522193077565,0.677473813508304
0,0.236202758932655,0.0874854136280234,0.676311827439322
0,0.236536309763494,0.0883186079482902,0.675145082288216
0,0.236627196955796,0.0885421202040792,0.674830682840124
0,0.236875726856124,0.0891518022685571,0.673972470875319
0,0.237220042206194,0.089984996588824,0.672794961204982
0,0.237460391276063,0.0905590209318704,0.671980587792066
0,0.23756917312229,0.0908181909090909,0.671612635968619
0,0.237923662056138,0.0916513852293578,0.670424952714504
0,0.238282107329435,0.0924845795496247,0.66923331312094
0,0.23829358559633,0.0925109107312408,0.669195503672429
0,0.23864616107382,0.0933177738698916,0.668036065056288
0,0.239013952230112,0.0941509681901585,0.666835079579729
0,0.239126779916597,0.0944036547477927,0.66646956533561
0,0.239386600777114,0.0949841625104254,0.665629236712461
0,0.239763244949303,0.0958173568306922,0.664419398220005
0,0.239959974236864,0.0962482210222373,0.663791804740899
0,0.24014410653909,0.0966505511509591,0.663205342309951
0,0.240529143859694,0.097483745471226,0.66198711066908
0,0.240793168557131,0.0980500864444527,0.661156744998416
0,0.24091786227604,0.0983169397914929,0.660765197932467
0,0.241310863205218,0.0991501341117598,0.659539002683022
0,0.241626362877398,0.0998138560595122,0.65855978106309
0,0.241707105658037,0.0999833284320267,0.658309565909937
0,0.242107668568545,0.100816522752294,0.657075808679161
0,0.242459557197665,0.101543433677788,0.655997009124547
0,0.242511123783079,0.10164971707256,0.655839159144361
0,0.242918872773754,0.102482911392827,0.654598215833419
0,0.243292751517932,0.103242153741154,0.653465094740915
0,0.243329249263361,0.103316105713094,0.653354645023545
0,0.24374383217626,0.104149300033361,0.652106867790379
0,0.244125945838198,0.104912884348598,0.650961169813203
0,0.244160856678633,0.104982494353628,0.650856648967739
0,0.244581943298015,0.105815688673895,0.649602368028091
0,0.244959140158465,0.106558108552551,0.648482751288984
0,0.245005359357143,0.106648882994162,0.648345757648695
0,0.245432639771111,0.107482077314429,0.64708528291446
0,0.245792334478732,0.108179989100608,0.64602767642066
0,0.245862206449461,0.108315271634696,0.645822521915843
0,0.246295389557364,0.109148465954962,0.644556144487674
0,0.246625528798999,0.109780420434651,0.64359405076635
0,0.2467308802646,0.109981660275229,0.643287459460171
0,0.247169692415282,0.110814854595496,0.642015452989222
0,0.247458723119266,0.111361070787523,0.64118020609321
0,0.247610893841466,0.111648048915763,0.640741057242771
0,0.248055077589168,0.11248124323603,0.639463679174802
0,0.248291917439533,0.11292341651578,0.638784666044687
0,0.248501788731792,0.113314437556297,0.638183773711911
0,0.248951101698008,0.114147631876564,0.636901266425428
0,0.2491251117598,0.114468770294576,0.636406117945624
0,0.24940313297341,0.114980826196831,0.63561604082976
0,0.24985734680433,0.115814020517098,0.634328632678572
0,0.249958306080067,0.11599830442248,0.634043389497453
0,0.25031451923513,0.116647214837364,0.633038265927505
0,0.250773418645435,0.117480409157631,0.631746172196934
0,0.250791500400334,0.117513070201959,0.631695429397708
0,0.251235563116562,0.118313603477898,0.63045083340554
0,0.2516246947206,0.119012993925542,0.629362311353857
0,0.251699285793479,0.119146797798165,0.629153916408356
0,0.252165901588022,0.119979992118432,0.627854106293546
0,0.252457889040867,0.120499674517596,0.627042436441536
0,0.252634374846893,0.120813186438699,0.626552438714408
0,0.253105191557314,0.121646380758966,0.62524842768372
0,0.253291083361134,0.121974152882205,0.62473476375666
0,0.253578267426915,0.122479575079233,0.623942157493853
0,0.254053108551532,0.1233127693995,0.622634122048968
0,0.254124277681401,0.123437139416042,0.622438582902557
0,0.254530646802945,0.124145963719766,0.621323389477288
0,0.254957472001668,0.124888658735387,0.620153869262945
0,0.255009576850399,0.124979158040033,0.620011265109568
0,0.255491213140131,0.1258123523603,0.618696434499569
0,0.255790666321935,0.126329051554131,0.617880282123934
0,0.25597442167533,0.126645546680567,0.617380031644103
0,0.256459682420712,0.127478741000834,0.616061576578454
0,0.256623860642202,0.127759749578769,0.615616389779029
0,0.256947045884188,0.128311935321101,0.614741018794711
0,0.25743578544823,0.129145129641368,0.613419084910402
0,0.257457054962469,0.129181253483507,0.613361691554024
0,0.257927186432227,0.129978323961635,0.612094489606139
0,0.258290249282736,0.13059264463829,0.611117106078974
0,0.258419825877966,0.130811518281902,0.610768655840132
0,0.258914593789712,0.131644712602168,0.609440693608119
0,0.259123443603002,0.131995518581291,0.608881037815706
0,0.259411116561669,0.132477906922435,0.608110976515895
0,0.259909031119868,0.133311101242702,0.60677986763743
0,0.259956637923269,0.133390504453661,0.60665285762307
0,0.260409333105387,0.134144295562969,0.605446371331644
0,0.260789832243536,0.134776770204705,0.604433397551758
0,0.260910783957393,0.134977489883236,0.604111726159371
0,0.261414255547074,0.135810684203503,0.602775060249423
0,0.261623026563803,0.136155395711447,0.60222157772475
0,0.261919348703634,0.13664387852377,0.601436772772596
0,0.262425674854425,0.137477072844037,0.600097252301538
0,0.26245622088407,0.137527184193581,0.600016594922349
0,0.262934317604755,0.138310267164304,0.598755415230941
0,0.263289415204337,0.13889099638438,0.597819588411283
0,0.263444030507009,0.13914346148457,0.597412508008421
0,0.263955496185669,0.139976655804837,0.596067848009494
0,0.264122609524604,0.140248281123042,0.595629109352354
0,0.26446863659707,0.140809850125104,0.594721513277826
0,0.264955803844871,0.141599345751747,0.593444850403383
0,0.264982809251981,0.141643044445371,0.593374146302648
0,0.265499184472439,0.142476238765638,0.592024576761923
0,0.265788998165138,0.142943166422889,0.591267835411974
0,0.26601667021413,0.143309433085905,0.590673896699965
0,0.266535501742404,0.144142627406172,0.589321870851424
0,0.266622192485404,0.144281507735027,0.589096299779569
0,0.26705622280771,0.144975821726439,0.587967955465851
0,0.267455386805671,0.14561354448166,0.586931068712668
0,0.267577911369253,0.145809016046706,0.586613072584041
0,0.268101306275364,0.146642210366972,0.585256483357663
0,0.268288581125938,0.146939792050517,0.584771626823544
0,0.268626127478895,0.147475404687239,0.583898467833865
0,0.269121775446205,0.148260944196011,0.582617280357783
0,0.269151885354188,0.148308599007506,0.582539515638305
0,0.269679651392179,0.149141793327773,0.581178555280048
0,0.269954969766472,0.149575879700139,0.580469150533389
0,0.270208445322969,0.14997498764804,0.579816567028991
0,0.270738340120442,0.150808181968307,0.578453477911251
0,0.270788164086739,0.150886342499688,0.578325493413573
0,0.271270104300347,0.151641376288574,0.577088519411079
0,0.271621358407006,0.152191069307846,0.576187572285148
0,0.271802751341026,0.152474570608841,0.575722678050133
0,0.272336728712835,0.153307764929108,0.574355506358057
0,0.272454552727273,0.15349126146888,0.574054185803847
0,0.272872258832224,0.154140959249374,0.572986781918401
0,0.27328774704754,0.154786536517608,0.571925716434853
0,0.273408646543542,0.154974153569641,0.571617199886817
0,0.273946544908454,0.155807347889908,0.570246107201638
0,0.274120941367807,0.156077061335839,0.569801997296355
0,0.274485733436294,0.156640542210175,0.56887372435353
0,0.274954135688073,0.157363348989589,0.567682515322338
0,0.275025756001184,0.157473736530442,0.567500507468374
0,0.275567423694369,0.158306930850709,0.566125645454922
0,0.27578733000834,0.158644754669716,0.565567915321944
0,0.276110169358401,0.159140125170976,0.564749705470623
0,0.276620524328607,0.159922479221669,0.563456996449724
0,0.276653727079148,0.159973319491243,0.563372953429609
0,0.277199021674997,0.16080651381151,0.561994464513494
0,0.277453718648874,0.161195265490875,0.561351015860251
0,0.277745228992798,0.161639708131776,0.560615062875426
0,0.278286912969141,0.162464815557889,0.55924827147297
0,0.278292227835636,0.162472902452043,0.55923486971232
0,0.278841015531336,0.16330609677231,0.557852887696354
0,0.279120107289408,0.163729439343413,0.557150453367179
0,0.279390594385284,0.164139291092577,0.556470114522138
0,0.279940989206374,0.164972485412844,0.555086525380782
0,0.279953301609675,0.164991085139448,0.555055613250878
0,0.28049310062124,0.165805679733111,0.553701219645649
0,0.280786495929942,0.16624805200054,0.552965452069519
0,0.281045965872819,0.166638874053378,0.552315160073804
0,0.281599655325894,0.167472068373645,0.550928276300461
0,0.281619690250208,0.16750215657303,0.550878153176761
0,0.282154989706393,0.168305262693912,0.549539747599695
0,0.282452884570475,0.168751817016272,0.548795298413253
0,0.282711060845805,0.169138457014178,0.548150482140017
0,0.28326793172278,0.169971651334445,0.546760416942774
0,0.283286078890742,0.169998749796057,0.546715171313201
0,0.283826411793319,0.170804845654712,0.545368742551969
0,0.284119273211009,0.171241392299561,0.54463933448943
0,0.284385612620861,0.171638039974979,0.54397634740416
0,0.284945558493264,0.172471234295246,0.54258320721149
0,0.284952467531276,0.172481494531938,0.542566037936786
0,0.285507111077219,0.173304428615513,0.541188460307268
0,0.285785661851543,0.173717385856827,0.54049695229163
0,0.286069369413256,0.17413762293578,0.539793007650964
0,0.28661885617181,0.174950885264583,0.538430258563608
0,0.28663233471923,0.174970817256047,0.538396848024723
0,0.287196845978672,0.175804011576314,0.536999142445014
0,0.287452050492077,0.176180360824434,0.536367588683489
0,0.287762093399414,0.17663720589658,0.535600700704005
0,0.288285244812344,0.177407450984446,0.534307304203211
0,0.288328033902892,0.177470400216847,0.53420156588026
0,0.288895388264368,0.178303594537114,0.532801017198518
0,0.28911843913261,0.178630839892715,0.532250720974674
0,0.289463559860969,0.179136788857381,0.53139965128165
0,0.289951633452877,0.179851743324026,0.530196623223096
0,0.290032411497459,0.179969983177648,0.529997605324893
0,0.290602522243996,0.180803177497915,0.528594300258089
0,0.290784827773144,0.18106930920684,0.528145863020016
0,0.29117355640276,0.181636371818182,0.527190071779058
0,0.291618022093411,0.182284232812422,0.526097745094167
0,0.291745258345347,0.182469566138449,0.525785175516204
0,0.29231804403629,0.183302760458716,0.524379195504994
0,0.292451216413678,0.183496221816408,0.524052561769914
0,0.292891882238014,0.184135954778982,0.522972162983003
0,0.293284410733945,0.184705358256574,0.522010231009482
0,0.293466376701898,0.184969149099249,0.521564474198852
0,0.294041760897964,0.185802343419516,0.52015589568252
0,0.294117605054212,0.185912000734561,0.519970394211227
0,0.294618347534655,0.186635537739783,0.518746114725562
0,0.294950799374479,0.18711552965124,0.517933670974282
0,0.295195579598574,0.18746873206005,0.517335688341376
0,0.295773490609953,0.188301926380317,0.51592458300973
0,0.295783993694746,0.188317041658224,0.51589896464703
0,0.296352772817354,0.189135120700584,0.514512106482062
0,0.296617188015012,0.189515130768975,0.513867681216013
0,0.296932690260373,0.189968315020851,0.513098994718776
0,0.297450382335279,0.190711332302163,0.511838285362558
0,0.297513245118423,0.190801509341118,0.51168524554046
0,0.29809498842048,0.191634703661384,0.510270307918135
0,0.298283576655546,0.191904521471393,0.509811901873061
0,0.29867754157279,0.192467897981651,0.508854560445559
0,0.299116770975813,0.19309550024375,0.507787728780437
0,0.299260722668214,0.193301092301918,0.507438185029868
0,0.299844833987619,0.194134286622185,0.506020879390196
0,0.29994996529608,0.194284039777005,0.505765994926915
0,0.300429975594118,0.194967480942452,0.50460254346343
0,0.300783159616347,0.195469938560633,0.50374690182302
0,0.301015736231354,0.195800675262719,0.503183588505927
0,0.301602158013789,0.196633869582986,0.501763972403225
0,0.301616353936614,0.196654003715938,0.501729642347448
0,0.302189843109362,0.197467063903253,0.500343092987385
0,0.302449548256881,0.197834956302848,0.499715495440271
0,0.302778138850866,0.19830025822352,0.498921602925615
0,0.303282742577148,0.199014211838541,0.497703045584311
0,0.303367047754247,0.199133452543786,0.497499499701967
0,0.303957003222372,0.199966646864053,0.496076349913575
0,0.304115936897415,0.200190844885201,0.495693218217385
0,0.304547791777455,0.20079984118432,0.494652367038224
0,0.304949131217681,0.201365327799429,0.49368554098289
0,0.305139185700692,0.201633035504587,0.493227778794721
0,0.305731322983186,0.202466229824854,0.49180244719196
0,0.305782325537948,0.20253787952486,0.491679794937192
0,0.306324564106437,0.203299424145121,0.490376011748442
0,0.306615519858215,0.203707704584866,0.489676775556918
0,0.306918403270262,0.204132618465388,0.48894897826435
0,0.307448714178482,0.204875944146417,0.487675341675101
0,0.307512843181194,0.204965812785655,0.487521344033151
0,0.308108332446379,0.205799007105922,0.486092660447699
0,0.308281908498749,0.206041595610549,0.485676495890702
0,0.308704579000503,0.206632201426188,0.484663219573308
0,0.309115102819016,0.207205326308294,0.48367957087269
0,0.309301419497818,0.207465395746455,0.483233184755727
0,0.309898980617112,0.208298590066722,0.481802429316166
0,0.309948297139283,0.208367241063977,0.48168446179674
0,0.310497598557706,0.209131784386989,0.480370617055305
0,0.31078149145955,0.209526561758898,0.479691946781552
0,0.311096804054284,0.209964978707256,0.47893821723846
0,0.311614685779816,0.210684392711504,0.47770092150868
0,0.31169659998129,0.210798173027523,0.477505226991187
0,0.312297354469472,0.21163136734779,0.476071278182738
0,0.312447880100083,0.211839872685432,0.475712247214484
0,0.312898891130496,0.212464561668057,0.474636547201448
0,0.31328107442035,0.21299342191135,0.473725503668299
0,0.313501012304713,0.213297755988324,0.473201231706963
0,0.314103745882078,0.214130950308591,0.471765303809331
0,0.314114268740617,0.214145470403135,0.471740260856248
0,0.314707581558375,0.214964144628857,0.470328273812768
0,0.314947463060884,0.215294823341589,0.469757713597527
0,0.315311996207692,0.215797338949124,0.468890664843183
0,0.315780657381151,0.216442768809547,0.467776573809302
0,0.315916992855602,0.216630533269391,0.467452473875007
0,0.316522782508524,0.217463727589658,0.466013489901818
0,0.316613851701418,0.217588793355809,0.465797354942773
0,0.317129460470761,0.218296921909925,0.464573617619314
0,0.317447046021685,0.218732653196579,0.463820300781736
0,0.317736715318888,0.219130116230192,0.46313316845092
0,0.318280240341952,0.219875148717968,0.461844610940081
0,0.318344550154505,0.219963310550459,0.461692139295036
0,0.31895331996772,0.220796504870726,0.460250175161554
0,0.319113434662219,0.221015367561061,0.45987119777672
0,0.319562804755959,0.221629699190992,0.458807496053049
0,0.319946628982485,0.222153878965295,0.45789949205222
0,0.32017286482747,0.222462893511259,0.457364241661271
0,0.320779823302752,0.223291065596644,0.455929111100603
0,0.320783503357697,0.223296087831526,0.455920408810776
0,0.321395183463441,0.224129282151793,0.454475534384765
0,0.321613017623019,0.224425682120706,0.453961300256275
0,0.322007442338302,0.22496247647206,0.453030081189638
0,0.322446211943286,0.225558977742285,0.451994810314429
0,0.322620275359692,0.225795670792327,0.451584053847981
0,0.323233779474007,0.226628865112594,0.450137355413399
0,0.323279406263553,0.226690721790554,0.450029871945893
0,0.323848212163576,0.227462059432861,0.448689728403563
0,0.32411260058382,0.227820188986788,0.448067210429393
0,0.324463215006103,0.228295253753128,0.447241531240769
0,0.324945794904087,0.228948390405063,0.44610581469085
0,0.32507879130852,0.229128448073394,0.445792760618085
0,0.325695109353286,0.229961642393661,0.444343248253053
0,0.325778989224354,0.23007485277171,0.444146158003937
0,0.326312258745273,0.230794836713928,0.442892904540799
0,0.32661218354462,0.231199306098714,0.442188510356666
0,0.326929977970583,0.231628031034195,0.441441990995222
0,0.327445377864887,0.232322524649783,0.44023209748533
0,0.327548270406034,0.232461225354462,0.439990504239504
0,0.328167348462181,0.233294419674729,0.43853823186309
0,0.328278572185154,0.233443876148177,0.438277551666669
0,0.32878718900572,0.234127613994996,0.437085196999285
0,0.329111766505421,0.234563420189183,0.436324813305396
0,0.329407599489175,0.234960808315263,0.435631592195562
0,0.329944960825688,0.235681757708893,0.434373281465419
0,0.330028583358984,0.23579400263553,0.434177414005487
0,0.330650372982278,0.236627196955796,0.432722430061925
0,0.330778155145955,0.236798158973344,0.432423685880701
0,0.331272881533593,0.237460391276063,0.431266727190343
0,0.331611349466222,0.237912889303363,0.430475761230416
0,0.331895960548399,0.23829358559633,0.42981045385527
0,0.332444543786489,0.239026438793415,0.428529017420096
0,0.332519613542842,0.239126779916597,0.42835360654056
0,0.333144071668311,0.239959974236864,0.426895954094825
0,0.333277738106756,0.240138041266686,0.426584220626559
0,0.333769227436907,0.240793168557131,0.425437604005963
0,0.334110932427023,0.241248045069684,0.424641022503293
0,0.334394954602167,0.241626362877398,0.423978682520435
0,0.334944126747289,0.242356891296665,0.422698981956045
0,0.335021256750351,0.242459557197665,0.422519186051984
0,0.335648345618952,0.243292751517932,0.421058902863117
0,0.335777321067556,0.243463838130114,0.420758840802329
0,0.336276130123611,0.244125945838198,0.419597924038191
0,0.336610515387823,0.244569194755461,0.418820289856716
0,0.336904487362002,0.244959140158465,0.418136372479533
0,0.33744370970809,0.24567341479136,0.41688287550055
0,0.337533420991168,0.245792334478732,0.416674244530099
0,0.338163108098042,0.246625528798999,0.415211363102959
0,0.338276904028357,0.246775841670356,0.414947254301288
0,0.3387935051319,0.247458723119266,0.413747771748834
0,0.339110098348624,0.247876623136268,0.413013278515108
0,0.339424476636241,0.248291917439533,0.412283605924227
0,0.339943292668891,0.24897628684795,0.411080420483159
0,0.340056026339788,0.2491251117598,0.410818861900412
0,0.340688284403651,0.249958306080067,0.409353409516283
0,0.340776486989158,0.250074322753582,0.40914919025726
0,0.341321280007691,0.250791500400334,0.407887219591975
0,0.341609681309424,0.251170594204382,0.407219724486194
0,0.341954852215779,0.2516246947206,0.40642045306362
0,0.342442875629691,0.252265764698566,0.405291359671743
0,0.342589004829408,0.252457889040867,0.404953106129725
0,0.343223811782832,0.253291083361134,0.403485104856034
0,0.343276069949958,0.253359532615405,0.403364397434637
0,0.34385939422727,0.254124277681401,0.402016328091329
0,0.344109264270225,0.254451352738543,0.401439382991232
0,0.344495555804465,0.254957472001668,0.400546972193867
0,0.344942458590492,0.255542086768054,0.399515454641454
0,0.34513230038992,0.255790666321935,0.399077033288145
0,0.345769639390479,0.256623860642202,0.397606499967319
0,0.345775652910759,0.25663170434658,0.397592642742661
0,0.346407799163569,0.257457054962469,0.396135145873962
0,0.346608847231026,0.257719125754735,0.395672027014239
0,0.347046540992676,0.258290249282736,0.394663209724589
0,0.347442041551293,0.258805474091159,0.393752484357548
0,0.347685868828677,0.259123443603002,0.393190687568321
0,0.34827523587156,0.25989075404284,0.391834010085601
0,0.348325786642783,0.259956637923269,0.391717575433947
0,0.348966458095007,0.260789832243536,0.390243709661456
0,0.349108430191827,0.260974123855523,0.389917445952651
0,0.349607773273111,0.261623026563803,0.388769200163086
0,0.349941624512093,0.262056131632826,0.38800224385508
0,0.350249677853124,0.26245622088407,0.387294101262806
0,0.35077481883236,0.263137081804217,0.386088099363422
0,0.350892175884145,0.263289415204337,0.385818408911518
0,0.351535346256294,0.264122609524604,0.384342044219102
0,0.351608013152627,0.264216542493682,0.384175444353691
0,0.352179230098278,0.264955803844871,0.382864966056852
0,0.352441207472894,0.265294249526885,0.382264543000221
0,0.35282370713487,0.265788998165138,0.381387294699993
0,0.353274401793161,0.266370908073783,0.380354690133056
0,0.353468781494579,0.266622192485404,0.379909026020017
0,0.354107596113428,0.267446521754976,0.378445882131596
0,0.354114457328911,0.267455386805671,0.378430155865418
0,0.354760900979601,0.268288581125938,0.376950517894461
0,0.354940790433695,0.268520004246948,0.376539205319358
0,0.355407948415211,0.269121775446205,0.375470276138584
0,0.355773984753962,0.269592404373794,0.374633610872245
0,0.356055597447349,0.269954969766472,0.373989432786179
0,0.356607179074229,0.270663766717873,0.372729054207899
0,0.356703852309522,0.270788164086739,0.372507983603739
0,0.357352787628591,0.271621358407006,0.371025853964403
0,0.357440373394495,0.271733559722141,0.370826066883364
0,0.358002405652613,0.272454552727273,0.369543041620115
0,0.358273567714762,0.272801729956434,0.368924702328804
0,0.358652629950632,0.27328774704754,0.368059623001829
0,0.359106762035029,0.273868867981785,0.367024369983186
0,0.359303464839698,0.274120941367807,0.366575593792495
0,0.359939956355296,0.274934976437759,0.365125067206945
0,0.359954914662482,0.274954135688073,0.365090949649444
0,0.36060709521314,0.27578733000834,0.36360557477852
0,0.360773150675563,0.27599903286204,0.363227816462397
0,0.361259897644209,0.276620524328607,0.362119578027184
0,0.36160634499583,0.27706196922988,0.36133168577429
0,0.361913315836275,0.277453718648874,0.360632965514851
0,0.362439539316097,0.278123879737069,0.359436580946835
0,0.362567354218056,0.278286912969141,0.359145732812803
0,0.363222046105397,0.279120107289408,0.357657846605195
0,0.363272733636364,0.279184450947505,0.357542815416131
0,0.363877431840746,0.279953301609675,0.356169266549579
0,0.36410592795663,0.280243204207608,0.355650867835762
0,0.364533438919859,0.280786495929942,0.3546800651502
0,0.364939122276897,0.281300933934276,0.353759943788826
0,0.365190071858927,0.281619690250208,0.353190237890864
0,0.365772316597164,0.282357641855936,0.3518700415469
0,0.36584733520227,0.282452884570475,0.351699780227255
0,0.366505276813889,0.283286078890742,0.350208644295369
0,0.366605510917431,0.283412697723458,0.349981791359111
0,0.367163880709439,0.284119273211009,0.348716846079552
0,0.367438705237698,0.284466260016402,0.3480950347459
0,0.367823116553735,0.284952467531276,0.347224415914989
0,0.368271899557965,0.2855188011137,0.346209299328335
0,0.368482988980825,0.285785661851543,0.345731349167632
0,0.369105093878232,0.286570322266593,0.344324583855175
0,0.369143502654339,0.28661885617181,0.344237641173851
0,0.369804701167017,0.287452050492077,0.342743248340906
0,0.369938288198499,0.287619971256978,0.342441740544523
0,0.370466550658835,0.288285244812344,0.341248204528822
0,0.370771482518766,0.288668354016829,0.340560163464405
0,0.371129043336486,0.28911843913261,0.339752517530904
0,0.371604676839032,0.289715715797732,0.338679607363236
0,0.371792183955364,0.289951633452877,0.338256182591758
0,0.372437871159299,0.290762057390903,0.336800071449798
0,0.37245597730183,0.290784827773144,0.336759194925025
0,0.373120450323978,0.291618022093411,0.335261527582611
0,0.373271065479566,0.291806403802451,0.334922530717982
0,0.373785576870461,0.292451216413678,0.333763206715861
0,0.374104259799833,0.292849610172089,0.333046130028078
0,0.374451358483608,0.293284410733945,0.332264230782447
0,0.3749374541201,0.293891793745781,0.331170752134119
0,0.375117800043306,0.294117605054212,0.330764594902482
0,0.375770648440367,0.294932954870764,0.329296396688869
0,0.375784906461706,0.294950799374479,0.329264294163815
0,0.376452682502366,0.295783993694746,0.327763323802888
0,0.376603842760634,0.295972100096515,0.327424057142851
0,0.377121121675924,0.296617188015012,0.326261690309064
0,0.377437037080901,0.297010125415029,0.32555283750407
0,0.377790228451815,0.297450382335279,0.324759389212906
0,0.378270231401168,0.298047124170741,0.323682644428091
0,0.378460007837151,0.298283576655546,0.323256415507303
0,0.379103425721435,0.299083096282117,0.321813477996448
0,0.379130464872497,0.299116770975813,0.32175276415169
0,0.379801583895258,0.29994996529608,0.320248450808662
0,0.379936620041701,0.300117140111114,0.319946239847185
0,0.380473375482852,0.300783159616347,0.318743464900801
0,0.380769814361968,0.301149972396601,0.31808021324143
0,0.381145847873668,0.301616353936614,0.317237798189719
0,0.381603008682235,0.302181772484343,0.316215218833422
0,0.381819006204275,0.302449548256881,0.315731445538845
0,0.382436203002502,0.303212539878674,0.314351257118823
0,0.382492855645765,0.303282742577148,0.314224401777088
0,0.383167369718549,0.304115936897415,0.312716693384037
0,0.383269397322769,0.304241581854489,0.312489020822742
0,0.383842557831946,0.304949131217681,0.311208310950373
0,0.384102591643036,0.305269202290287,0.310628206066677
0,0.384518440624182,0.305782325537948,0.309699233837869
0,0.384935785963303,0.306295783106465,0.308768430930232
0,0.385195023362949,0.306615519858215,0.308189456778836
0,0.38576898028357,0.307321323407558,0.306909696308873
0,0.385872311351379,0.307448714178482,0.306678974470139
0,0.38655028540546,0.308281908498749,0.305167806095792
0,0.386602174603837,0.308345464263074,0.30505236113309
0,0.387228918602536,0.309115102819016,0.303655978578448
0,0.387435368924103,0.309367847695484,0.303196783380412
0,0.387908261037335,0.309948297139283,0.302143441823382
0,0.38826856324437,0.310389182381447,0.301342254374182
0,0.388588318109673,0.31078149145955,0.300630190430778
0,0.389101757564637,0.311409467039957,0.299488775395406
0,0.389269095255553,0.311614685779816,0.299116218964631
0,0.389934951884904,0.312428700323332,0.297636347791764
0,0.389950597947607,0.312447880100083,0.29760152195231
0,0.39063273938915,0.31328107442035,0.2960861861905
0,0.390768146205171,0.313445925684422,0.295785928110407
0,0.391315595295576,0.314114268740617,0.294570135963807
0,0.391601340525438,0.314461981646188,0.293936677828374
0,0.391999181221569,0.314947463060884,0.293053355717546
0,0.392434534845705,0.315476976461847,0.292088488692448
0,0.392683502736063,0.315780657381151,0.291535839882786
0,0.393267729165972,0.316490908415949,0.290241362418079
0,0.393368565445136,0.316613851701418,0.290017582853446
0,0.394054335077862,0.317447046021685,0.288498618900453
0,0.394100923486239,0.317503441039758,0.288395635474003
0,0.394740763021949,0.318280240341952,0.286978996636099
0,0.394934117806505,0.318514180497609,0.286551701695886
0,0.395427937064287,0.319113434662219,0.285458628273494
0,0.395767312126772,0.319523846172808,0.28470884170042
0,0.396115862905932,0.319946628982485,0.283937508111583
0,0.396600506447039,0.320532435997032,0.282867057555929
0,0.396804546285368,0.320779823302752,0.282415630411879
0,0.397433700767306,0.32153994784326,0.281026351389434
0,0.397493992978877,0.321613017623019,0.280892989398104
0,0.398184119112584,0.322446211943286,0.27936966894413
0,0.398266895087573,0.32254577031107,0.279187334601357
0,0.398874945444242,0.323279406263553,0.277845648292205
0,0.39910008940784,0.323550063045191,0.27734984754697
0,0.399566540485536,0.32411260058382,0.276320858930645
0,0.399933283728107,0.324553265530553,0.27551345074134
0,0.400258910105323,0.324945794904087,0.27479529499059
0,0.400766478048374,0.325555375306391,0.273678146645235
0,0.400952060210223,0.325778989224354,0.273268950565424
0,0.40159967236864,0.326556389858089,0.27184393777327
0,0.401645996744927,0.32661218354462,0.271741819710453
0,0.402340603754785,0.327445377864887,0.270214018380328
0,0.402432866688907,0.327555610201554,0.270011523109538
0,0.403035937974177,0.328278572185154,0.268685489840669
0,0.403266061009174,0.328553376383651,0.268180562607175
0,0.403732064512012,0.329111766505421,0.267156168982567
0,0.404099255329441,0.329550033835115,0.266350710835444
0,0.404428989401819,0.329944960825688,0.265626049772493
0,0.404932449649708,0.330545579727972,0.26452197062232
0,0.405126718714793,0.330778155145955,0.264095126139252
0,0.405765643969975,0.331540011185521,0.262694344844505
0,0.405825258560046,0.331611349466222,0.262563391973732
0,0.406524498186402,0.332444543786489,0.261030958027109
0,0.406598838290242,0.332532749152312,0.260868412557446
0,0.407224457652118,0.333277738106756,0.259497804241126
0,0.407432032610509,0.333523901100406,0.259044066289086
0,0.4079252340326,0.334110932427023,0.257963833540378
0,0.408265226930776,0.334513923996696,0.257220849072529
0,0.408626833520548,0.334944126747289,0.256429039732163
0,0.409098421251043,0.335502814673142,0.255398764075815
0,0.409329262345736,0.335777321067556,0.254893416586708
0,0.409931615571309,0.336490569918421,0.253577814510269
0,0.410032526775188,0.336610515387823,0.253356957836989
0,0.410736581240482,0.33744370970809,0.251819709051428
0,0.410764809891576,0.337476961607609,0.251758228500814
0,0.411441291418083,0.338276904028357,0.250281804553561
0,0.411598004211843,0.338461405178634,0.249940590609523
0,0.412146844077483,0.339110098348624,0.248743057573893
0,0.41243119853211,0.339444697732662,0.248124103735228
0,0.412853245562389,0.339943292668891,0.24720346176872
0,0.413264392852377,0.340426835791098,0.246308771356525
0,0.413560502252399,0.340776486989158,0.245663010758443
0,0.414097587172644,0.341407815837872,0.244494596989485
0,0.414268620563091,0.341609681309424,0.244121698127485
0,0.414930781492911,0.342387634321041,0.242681584186049
0,0.414977606946095,0.342442875629691,0.242579517424213
0,0.415687301123879,0.343276069949958,0.241036628926163
0,0.415763975813178,0.343365655159694,0.240870369027128
0,0.416397764876146,0.344109264270225,0.239492970853629
0,0.416597170133444,0.344342116913989,0.239060712952567
0,0.4171091041083,0.344942458590492,0.237948437301207
0,0.417430364453711,0.345317400504032,0.237252235042257
0,0.417821325337953,0.345775652910759,0.236403021751288
0,0.418263558773978,0.346291502141796,0.235444939084226
0,0.418534435116715,0.346608847231026,0.234856717652259
0,0.419096753094245,0.347264418009698,0.233638828896057
0,0.419248440030164,0.347442041551293,0.233309518418543
0,0.419929947414512,0.348236144262342,0.231833908323146
0,0.419963346697795,0.34827523587156,0.231761417430645
0,0.420678948058077,0.349108430191827,0.230212621750096
0,0.420763141734779,0.349205956554542,0.230030901710679
0,0.421395369494902,0.349941624512093,0.228663005993005
0,0.421596336055046,0.350174281229979,0.228229382714975
0,0.422112700611281,0.35077481883236,0.227112480556359
0,0.422429530375313,0.351141398907147,0.226429070717541
0,0.422830948078908,0.351608013152627,0.225561038768465
0,0.42326272469558,0.352107305539573,0.224629969764847
0,0.423550118600518,0.352441207472894,0.224008673926588
0,0.424095919015847,0.353071997059844,0.222832083924309
0,0.424270218909696,0.353274401793161,0.222455379297143
0,0.424929113336113,0.354035469381494,0.221035417282392
0,0.424991255770674,0.354107596113428,0.220901148115898
0,0.425713091681646,0.354940790433695,0.219346117884659
0,0.42576230765638,0.354997280687846,0.219240411655774
0,0.426435687175053,0.355773984753962,0.217790328070985
0,0.426595501976647,0.355957308691981,0.217447189331371
0,0.427159227654445,0.356607179074229,0.216233593271326
0,0.427428696296914,0.35691609960447,0.215655204098616
0,0.427883719919198,0.357440373394495,0.214675906686307
0,0.428261890617181,0.357873649177435,0.213864460205384
0,0.42860917079549,0.358273567714762,0.213117261489747
0,0.429095084937448,0.358829953151413,0.212074961911139
0,0.429335587135923,0.359106762035029,0.211557650829048
0,0.429928279257715,0.359785007257391,0.210286713484894
0,0.430062975819122,0.359939956355296,0.209997067825582
0,0.430761473577982,0.360738807218884,0.208499719203135
0,0.430791343749325,0.360773150675563,0.208435505575112
0,0.431520443044589,0.36160634499583,0.206873211959581
0,0.431594667898249,0.361690656239922,0.20671467586183
0,0.432250422909502,0.362439539316097,0.205310037774402
0,0.432427862218515,0.362640959736505,0.204931178044979
0,0.43298139095473,0.363272733636364,0.203745875408906
0,0.433261056538782,0.363589990900915,0.203148952560303
0,0.433713354094798,0.36410592795663,0.202180717948571
0,0.434094250859049,0.364537745346756,0.201368003794194
0,0.434446319264681,0.364939122276897,0.200614558458421
0,0.434927445179316,0.365484218688373,0.199588336132311
0,0.43518029341917,0.365772316597164,0.199047389983666
0,0.435760639499583,0.366429406543067,0.19780995395735
0,0.435915283532212,0.366605510917431,0.197479205550357
0,0.43659383381985,0.367373304533368,0.196032861646782
0,0.436651296596228,0.367438705237698,0.195909998166074
0,0.437388184619394,0.368271899557965,0.194339915822641
0,0.437427028140117,0.368315526971627,0.194257444888256
0,0.438125872507692,0.369105093878232,0.192769033614076
0,0.438260222460384,0.369255884090815,0.192483893448802
0,0.438864592764366,0.369938288198499,0.191197119037136
0,0.439093416780651,0.370194933344366,0.190711649874983
0,0.439604352362265,0.370771482518766,0.189624165118969
0,0.439926611100917,0.371132670305126,0.188940718593957
0,0.440345158286017,0.371604676839032,0.18805016487495
0,0.440759805421184,0.372069090560181,0.187171104018635
0,0.441087017531065,0.372437871159299,0.186475111309636
0,0.441592999741451,0.373004189713255,0.185402810545294
0,0.441829937102678,0.373271065479566,0.184898997417756
0,0.442426194061718,0.373937963387149,0.183635842551133
0,0.44257392401493,0.374104259799833,0.183321816185237
0,0.443259388381985,0.374870407226231,0.181870204391784
0,0.44331898528964,0.3749374541201,0.18174356059026
0,0.444064998071388,0.375770648440367,0.180164353488245
0,0.444092582702252,0.375801228624097,0.180106188673651
0,0.444811811732877,0.376603842760634,0.178584345506489
0,0.444925777022519,0.376730086886667,0.178344136090814
0,0.445559709624151,0.377437037080901,0.177003253294948
0,0.445758971342786,0.377657598103575,0.17658343055364
0,0.446308698706491,0.378270231401168,0.175421069892342
0,0.446592165663053,0.378583757949156,0.174824076387792
0,0.44705878594021,0.379103425721435,0.173837788338356
0,0.447425359983319,0.379508562129354,0.173066077887327
0,0.447809978283249,0.379936620041701,0.17225340167505
0,0.448258554303586,0.380432006384312,0.171309439312102
0,0.44856228268973,0.380769814361968,0.170667902948302
0,0.449091748623853,0.381354086491014,0.169554164885133
0,0.449315706108463,0.381603008682235,0.169081285209302
0,0.44992494294412,0.382274798265963,0.167800258789917
0,0.450070255481411,0.382436203002502,0.167493541516087
0,0.450758137264387,0.383194137567915,0.166047725167699
0,0.450825937742106,0.383269397322769,0.165904664935125
0,0.45158271113455,0.384102591643036,0.164314697222414
0,0.451591331584654,0.384112003030187,0.164296665385159
0,0.452340243303273,0.384935785963303,0.162723970733424
0,0.452424525904921,0.385027722460524,0.162547751634555
0,0.453098918651957,0.38576898028357,0.161132101064473
0,0.453257720225188,0.385942054021594,0.160800225753219
0,0.453858744000545,0.386602174603837,0.159539081395618
0,0.454090914545454,0.386854993710672,0.159054091743873
0,0.454619726149342,0.387435368924103,0.157944904926555
0,0.454924108865721,0.387766537578775,0.157309353555504
0,0.455381871876992,0.38826856324437,0.156349564878638
0,0.455757303185988,0.388676681733464,0.155566015080548
0,0.4561451879384,0.389101757564637,0.154753054496963
0,0.456590497506255,0.389585422341704,0.153824080152041
0,0.456909681062592,0.389934951884904,0.153155367052504
0,0.457423691826522,0.390492755632751,0.152083552540727
0,0.457675357950506,0.390768146205171,0.151556495844323
0,0.458256886146789,0.391398677901085,0.150344435952126
0,0.458442225272729,0.391601340525438,0.149956434201834
0,0.459090080467056,0.392303185509374,0.14860673402357
0,0.45921028966716,0.392434534845705,0.148355175487135
0,0.459923274787323,0.393206274891487,0.14687045032119
0,0.459979557736615,0.393267729165972,0.146752713097414
0,0.460749990428468,0.394100923486239,0.145149086085294
0,0.46075646910759,0.394107861373987,0.145135669518423
0,0.461521239752067,0.394934117806505,0.143544642441428
0,0.461589663427857,0.395007318586368,0.143403017985775
0,0.462293703463448,0.395767312126772,0.14193898440978
0,0.462422857748123,0.395905345971417,0.14167179628046
0,0.463067387983045,0.396600506447039,0.140332105569916
0,0.46325605206839,0.396801940271677,0.139942007659933
0,0.463842299682166,0.397433700767306,0.138723999550528
0,0.464089246388657,0.39769709831518,0.138213655296163
0,0.464618444880079,0.398266895087573,0.137114660032348
0,0.464922440708924,0.398590817018558,0.136486742272518
0,0.465395829841009,0.39910008940784,0.135504080751152
0,0.465755635029191,0.399483093390189,0.13476127158062
0,0.466174460771055,0.399933283728107,0.133892255500838
0,0.466588829349458,0.400373924533379,0.133037246117164
0,0.466954343815019,0.400766478048374,0.132279178136608
0,0.467422023669725,0.401263307649568,0.131314668680707
0,0.467735485053139,0.40159967236864,0.130664842578221
0,0.468255217989992,0.402151240041575,0.129593541968433
0,0.468517890497743,0.402432866688907,0.12904924281335
0,0.469088412310259,0.403037719116871,0.12787386857287
0,0.469301566089796,0.403266061009174,0.12743237290103
0,0.469921606630525,0.403922742390881,0.126155650978593
0,0.470086517695362,0.404099255329441,0.125814226975197
0,0.470754800950792,0.404806307490322,0.124438891558885
0,0.470872751101965,0.404932449649708,0.124194799248327
0,0.471587995271059,0.405688412156567,0.122723592572374
0,0.471660272014845,0.405765643969975,0.12257408401518
0,0.472421189591326,0.406569054249037,0.121009756159637
0,0.472449086053118,0.406598838290242,0.12095207565664
0,0.473239051629965,0.407432032610509,0.119328915759527
0,0.473254383911593,0.407448004374672,0.119297611713735
0,0.474030051847977,0.408265226930776,0.117704721221248
0,0.47408757823186,0.40832507863356,0.11758734313458
0,0.474822356820986,0.409098421251043,0.116079221927972
0,0.474920772552127,0.409200687784127,0.115878539663747
0,0.475615971935494,0.409931615571309,0.114452412493196
0,0.475753966872394,0.41007483035293,0.114171202774676
0,0.476410902478872,0.410764809891576,0.112824287629551
0,0.476587161192661,0.41094750500908,0.112465333798259
0,0.477207153635354,0.411598004211843,0.111194842152803
0,0.477420355512927,0.411818710568254,0.110760933918819
0,0.478004730481948,0.41243119853211,0.109564070985942
0,0.478253549833194,0.412688445996777,0.109058004170028
0,0.478803637984271,0.413264392852377,0.107931969163352
0,0.479086744153461,0.413556710415779,0.10735654543076
0,0.479603880992311,0.414097587172644,0.106298531835045
0,0.479919938473728,0.414423503105415,0.105656558420857
0,0.48040546423611,0.414930781492911,0.104663754270979
0,0.480753132793995,0.415288823509171,0.103958043696834
0,0.481208392321379,0.415763975813178,0.103027631865444
0,0.481586327114262,0.416152671238251,0.102261001647487
0,0.482012669725044,0.416597170133444,0.101390160141512
0,0.482419521434529,0.417015046076053,0.100565432489418
0,0.482818300790732,0.417430364453711,0.0997513347555563
0,0.483252715754796,0.417875947982738,0.0988713362624666
0,0.483625289724195,0.418263558773978,0.0981111515018262
0,0.484085910075062,0.418735377099902,0.0971787128250355
0,0.484433640588681,0.419096753094245,0.0964696063170734
0,0.484919104395329,0.419593333755362,0.0954875618493082
0,0.485243357300263,0.419929947414512,0.0948266952852247
0,0.485752298715596,0.420449818468057,0.0937978828163463
0,0.486054443623128,0.420763141734779,0.0931824146420928
0,0.486585493035863,0.421304831953082,0.0921096750110546
0,0.486866903164841,0.421596336055046,0.0915367607801136
0,0.48741868735613,0.422158375126865,0.0904229375170046
0,0.48768073937159,0.422429530375313,0.0898897302530972
0,0.488251881676397,0.423010449112503,0.0887376692111004
0,0.488495955523439,0.42326272469558,0.0882413197809817
0,0.489085075996664,0.423861055245266,0.0870538687580698
0,0.489312554729581,0.424095919015847,0.086591526254573
0,0.489918270316931,0.424710195078305,0.0853715346047644
0,0.490130539923639,0.424929113336113,0.084940346740247
0,0.490751464637198,0.425557870388558,0.0836906649742441
0,0.490949913859022,0.42576230765638,0.0832877784845977
0,0.491584658957465,0.426404083182912,0.0820112578596234
0,0.491770679104356,0.426595501976647,0.0816338189189972
0,0.492417853277731,0.427248835704622,0.0803333110176462
0,0.492592838039042,0.427428696296914,0.0799784656640436
0,0.493251047597998,0.428092130440041,0.0786568219619607
0,0.49341639284897,0.428261890617181,0.0783217165338491
0,0.494084241918265,0.428933970125687,0.0769817879560474
0,0.494241345522419,0.429095084937448,0.0766635695401333
0,0.494917436238532,0.429774357755711,0.0753082060057572
0,0.495067697846224,0.429928279257715,0.075004022896061
0,0.495750630558799,0.430613296589795,0.0736360728514066
0,0.495895451402257,0.430761473577982,0.0733430750197611
0,0.496583824879066,0.431450790161579,0.0719653849593548
0,0.496724607564295,0.431594667898249,0.0716807245374567
0,0.497417019199333,0.432286842287668,0.0702961385129988
0,0.497555167495379,0.432427862218515,0.0700169702861052
0,0.4982502135196,0.43312145707732,0.0686283294030807
0,0.498387132145772,0.433261056538782,0.0683518113154453
0,0.499083407839867,0.433954638942928,0.0669619532172053
0,0.499220502251637,0.434094250859049,0.0666852468893141
0,0.499916602160133,0.434786392611434,0.0652970052284324
0,0.500055278334609,0.434927445179316,0.0650172764860751
0,0.5007497964804,0.435616723136817,0.0636334803827825
0,0.500891460702458,0.435760639499583,0.0633478997979591
0,0.501582990800667,0.436445635913865,0.0619713732854677
0,0.501729049451074,0.43659383381985,0.0616771167290762
0,0.502416185120934,0.437273136693463,0.060310678185603
0,0.502568044468074,0.437427028140117,0.0600049273918091
0,0.503249379441201,0.438099231599677,0.0586513889591224
0,0.5034084454384,0.438260222460384,0.0583313321012162
0,0.504082573761468,0.438923927148997,0.0569934990895355
0,0.504250251852351,0.439093416780651,0.0566563313669981
0,0.504915768081735,0.439747230272172,0.0553370016460937
0,0.505093463016622,0.439926611100917,0.0549799258824605
0,0.505748962402002,0.440569148339178,0.0536818892588203
0,0.505938078069054,0.440759805421184,0.0533021165097616
0,0.506582156722269,0.441389689188003,0.0520281540897283
0,0.506784095997996,0.441592999741451,0.0516229042605523
0,0.507415351042536,0.442208861158099,0.0503757877993655
0,0.507631515667418,0.442426194061718,0.0499422902708641
0,0.508248545362802,0.443026673129588,0.0487247815076098
0,0.508480335849237,0.443259388381985,0.0482602757687781
0,0.509081739683069,0.443843134569608,0.0470751257473226
0,0.509330555264761,0.444092582702252,0.0465768620329874
0,0.509914934003336,0.444658255587574,0.0454268104090899
0,0.510182172637703,0.444925777022519,0.0448920503397778
0,0.510748128323603,0.445472047001671,0.043779824674726
0,0.511035186762033,0.445758971342786,0.043205841895181
0,0.51158132264387,0.446284520419603,0.0421341569365271
0,0.511889596588964,0.446592165663053,0.0415182377479836
0,0.512414516964137,0.447095688337599,0.0404897946982644
0,0.512745401338886,0.447425359983319,0.0398292386777941
0,0.513247711284404,0.447905564263012,0.0388467244525839
0,0.513602600646116,0.448258554303586,0.0381388450502979
0,0.514080905604671,0.448714162867733,0.0372049315275965
0,0.514461194747268,0.449091748623853,0.0364470566288785
0,0.514914099924937,0.449521500182248,0.0355643998928145
0,0.515321184728351,0.44992494294412,0.0347538723275292
0,0.515747294245204,0.450327593843989,0.0339251119108065
0,0.516182572851866,0.450758137264387,0.0330592898837468
0,0.516580488565471,0.451132463419076,0.0322870480154528
0,0.51704536299454,0.451591331584654,0.0313633054208064
0,0.517413682885738,0.451936130824689,0.0306501862895725
0,0.517909561240367,0.452424525904921,0.0296659128547123
0,0.518246877206005,0.452738620891502,0.0290145019024928
0,0.518775176695572,0.453257720225188,0.0279671030792401
0,0.519080071526272,0.453539962124321,0.0273799663494072
0,0.519642222626758,0.454090914545454,0.0262668628277871
0,0.519913265846539,0.454340187748431,0.02574654640503
0,0.520510718079992,0.454924108865721,0.0245651730542865
0,0.520746460166806,0.455139337176289,0.0241142026569052
0,0.521380690233094,0.455757303185988,0.0228620065809177
0,0.521579654487073,0.455937458106941,0.0224828874059862
0,0.522252177896809,0.456590497506255,0.021157324596936
0,0.52241284880734,0.456734609602806,0.0208525415898541
0,0.523125236873498,0.457423691826522,0.0194510712999804
0,0.523246043127606,0.45753086672108,0.0192230901513138
0,0.523999948429701,0.458256886146789,0.0177431654235105
0,0.524079237447873,0.458326327702661,0.0175944348494654
0,0.524876433213799,0.459090080467056,0.0160334863191454
0,0.52491243176814,0.459121125536013,0.0159664426958464
0,0.525745626088407,0.459914479767863,0.0143398941437303
0,0.525753890467852,0.459923274787323,0.0143228347448252
0,0.526578820408674,0.460702955670122,0.0127182239212038
0,0.526628751060556,0.46075646910759,0.0126147798318542
0,0.527412014728941,0.461489847691967,0.0110981375790923
0,0.527504273312316,0.461589663427857,0.0109060632598271
0,0.528245209049208,0.462274940203921,0.00947985074687124
0,0.528380151188818,0.462422857748123,0.00919699106305849
0,0.529078403369475,0.463057827153142,0.00786376947738349
0,0.529255810940928,0.46325605206839,0.00748813699068213
0,0.529911597689741,0.463837664183753,0.00625073812650573
0,0.530130012503135,0.464089246388657,0.00578074110820803
0,0.530744792010008,0.464612398927723,0.00464280906226849
0,0.530999433118302,0.464922440708924,0.00407812617277364
0,0.531577986330275,0.465375505202966,0.00304650846675819
0,0.531850954889697,0.465755635029191,0.00239341008111216
0,0.532411180650542,0.466089670205834,0.00149914914362387
0,0.532521646881454,0.466588829349458,0.000889523769087852
0,0.533033818177069,0.466799386143197,0.0001667956797331
